,Survived,Pclass,SibSp,Parch,Single,SmallF,MedF,LargeF,Sex_code,Embarked_code,Title_code,AgeBin_code,FareBin_code,AClassBin_code
0,0,3,1,0,0,1,0,0,1,2,2,1,0,2
1,1,1,1,0,0,1,0,0,0,0,3,2,3,1
2,1,3,0,0,1,0,0,0,0,2,1,1,1,3
3,1,1,1,0,0,1,0,0,0,2,3,2,3,0
4,0,3,0,0,1,0,0,0,1,2,2,2,1,4
5,0,3,0,0,1,0,0,0,1,1,2,1,1,3
6,0,1,0,0,1,0,0,0,1,2,2,3,3,1
7,0,3,3,1,0,0,0,1,1,2,0,0,2,0
8,1,3,0,2,0,0,1,0,0,2,3,1,1,3
9,1,2,1,0,0,1,0,0,0,0,3,0,2,0
10,1,3,1,1,0,0,1,0,0,2,1,0,2,0
11,1,1,0,0,1,0,0,0,0,2,1,3,2,2
12,0,3,0,0,1,0,0,0,1,2,2,1,1,2
13,0,3,1,5,0,0,0,1,1,2,2,2,3,4
14,0,3,0,0,1,0,0,0,0,2,1,0,0,1
15,1,2,0,0,1,0,0,0,0,2,3,3,2,4
16,0,3,4,1,0,0,0,1,1,1,0,0,2,0
17,1,2,0,0,1,0,0,0,1,2,2,1,1,2
18,0,3,1,0,0,1,0,0,0,2,3,1,2,4
19,1,3,0,0,1,0,0,0,0,0,3,1,0,3
20,0,2,0,0,1,0,0,0,1,2,2,2,2,2
21,1,2,0,0,1,0,0,0,1,2,2,2,1,2
22,1,3,0,0,1,0,0,0,0,1,1,0,1,1
23,1,1,0,0,1,0,0,0,1,2,2,1,3,0
24,0,3,3,1,0,0,0,1,0,2,1,0,2,0
25,1,3,1,5,0,0,0,1,0,2,3,2,3,4
26,0,3,0,0,1,0,0,0,1,0,2,1,0,3
27,0,1,3,2,0,0,0,1,1,2,2,1,3,0
28,1,3,0,0,1,0,0,0,0,1,1,1,0,3
29,0,3,0,0,1,0,0,0,1,2,2,1,0,3
30,0,1,0,0,1,0,0,0,1,0,4,2,2,1
31,1,1,1,0,0,1,0,0,0,0,3,1,3,0
32,1,3,0,0,1,0,0,0,0,1,1,1,0,3
33,0,2,0,0,1,0,0,0,1,2,2,4,1,4
34,0,1,1,0,0,1,0,0,1,0,2,1,3,0
35,0,1,1,0,0,1,0,0,1,2,2,2,3,1
36,1,3,0,0,1,0,0,0,1,0,2,1,0,3
37,0,3,0,0,1,0,0,0,1,2,2,1,1,2
38,0,3,2,0,0,0,1,0,0,2,1,1,2,1
39,1,3,1,0,0,1,0,0,0,0,1,0,1,1
40,0,3,1,0,0,1,0,0,0,2,3,2,1,4
41,0,2,1,0,0,1,0,0,0,2,3,1,2,1
42,0,3,0,0,1,0,0,0,1,0,2,1,0,3
43,1,2,1,2,0,0,1,0,0,0,1,0,3,0
44,1,3,0,0,1,0,0,0,0,1,1,1,0,2
45,0,3,0,0,1,0,0,0,1,2,2,1,1,3
46,0,3,1,0,0,1,0,0,1,1,2,1,2,3
47,1,3,0,0,1,0,0,0,0,1,1,1,0,3
48,0,3,2,0,0,0,1,0,1,0,2,1,2,3
49,0,3,1,0,0,1,0,0,0,2,3,1,2,1
50,0,3,4,1,0,0,0,1,1,2,0,0,3,0
51,0,3,0,0,1,0,0,0,1,2,2,1,0,2
52,1,1,1,0,0,1,0,0,0,0,3,3,3,1
53,1,2,1,0,0,1,0,0,0,2,3,1,2,2
54,0,1,0,1,0,1,0,0,1,0,2,4,3,2
55,1,1,0,0,1,0,0,0,1,2,2,1,3,0
56,1,2,0,0,1,0,0,0,0,2,1,1,1,1
57,0,3,0,0,1,0,0,0,1,0,2,1,0,4
58,1,2,1,2,0,0,1,0,0,2,1,0,2,0
59,0,3,5,2,0,0,0,1,1,2,0,0,3,0
60,0,3,0,0,1,0,0,0,1,0,2,1,0,2
61,1,1,0,0,1,0,0,0,0,2,1,2,3,1
62,0,1,1,0,0,1,0,0,1,2,2,2,3,1
63,0,3,3,2,0,0,0,1,1,2,0,0,2,0
64,0,1,0,0,1,0,0,0,1,0,2,1,2,0
65,1,3,1,1,0,0,1,0,1,0,0,1,2,3
66,1,2,0,0,1,0,0,0,0,2,3,1,1,2
67,0,3,0,0,1,0,0,0,1,2,2,1,1,2
68,1,3,4,2,0,0,0,1,0,2,1,1,1,1
69,0,3,2,0,0,0,1,0,1,2,2,1,1,3
70,0,2,0,0,1,0,0,0,1,2,2,1,1,2
71,0,3,5,2,0,0,0,1,0,2,1,0,3,1
72,0,2,0,0,1,0,0,0,1,2,2,1,3,1
73,0,3,1,0,0,1,0,0,1,0,2,1,1,3
74,1,3,0,0,1,0,0,0,1,2,2,1,3,4
75,0,3,0,0,1,0,0,0,1,2,2,1,0,3
76,0,3,0,0,1,0,0,0,1,2,2,1,0,3
77,0,3,0,0,1,0,0,0,1,2,2,1,1,3
78,1,2,0,2,0,0,1,0,1,2,0,0,2,0
79,1,3,0,0,1,0,0,0,0,2,1,1,1,4
80,0,3,0,0,1,0,0,0,1,2,2,1,1,2
81,1,3,0,0,1,0,0,0,1,2,2,1,1,4
82,1,3,0,0,1,0,0,0,0,1,1,1,0,3
83,0,1,0,0,1,0,0,0,1,2,2,1,3,0
84,1,2,0,0,1,0,0,0,0,2,1,1,1,0
85,1,3,3,0,0,0,1,0,0,2,3,2,2,4
86,0,3,1,3,0,0,0,1,1,2,2,0,3,1
87,0,3,0,0,1,0,0,0,1,2,2,1,1,3
88,1,1,3,2,0,0,0,1,0,2,1,1,3,0
89,0,3,0,0,1,0,0,0,1,2,2,1,1,2
90,0,3,0,0,1,0,0,0,1,2,2,1,1,4
91,0,3,0,0,1,0,0,0,1,2,2,1,0,2
92,0,1,1,0,0,1,0,0,1,2,2,2,3,1
93,0,3,1,2,0,0,1,0,1,2,2,1,2,3
94,0,3,0,0,1,0,0,0,1,2,2,3,0,4
95,0,3,0,0,1,0,0,0,1,2,2,1,1,3
96,0,1,0,0,1,0,0,0,1,0,2,4,3,2
97,1,1,0,1,0,1,0,0,1,0,2,1,3,0
98,1,2,0,1,0,1,0,0,0,2,3,2,2,2
99,0,2,1,0,0,1,0,0,1,2,2,2,2,2
100,0,3,0,0,1,0,0,0,0,2,1,1,0,3
101,0,3,0,0,1,0,0,0,1,2,2,1,0,3
102,0,1,0,1,0,1,0,0,1,2,2,1,3,0
103,0,3,0,0,1,0,0,0,1,2,2,2,1,4
104,0,3,2,0,0,0,1,0,1,2,2,2,1,4
105,0,3,0,0,1,0,0,0,1,2,2,1,0,3
106,1,3,0,0,1,0,0,0,0,2,1,1,0,2
107,1,3,0,0,1,0,0,0,1,2,2,1,0,3
108,0,3,0,0,1,0,0,0,1,2,2,2,0,4
109,1,3,1,0,0,1,0,0,0,1,1,1,2,3
110,0,1,0,0,1,0,0,0,1,2,2,2,3,1
111,0,3,1,0,0,1,0,0,0,0,1,0,1,1
112,0,3,0,0,1,0,0,0,1,2,2,1,1,2
113,0,3,1,0,0,1,0,0,0,2,1,1,1,2
114,0,3,0,0,1,0,0,0,0,0,1,1,2,1
115,0,3,0,0,1,0,0,0,1,2,2,1,1,2
116,0,3,0,0,1,0,0,0,1,1,2,4,0,4
117,0,2,1,0,0,1,0,0,1,2,2,1,2,2
118,0,1,0,1,0,1,0,0,1,0,2,1,3,0
119,0,3,4,2,0,0,0,1,0,2,1,0,3,0
120,0,2,2,0,0,0,1,0,1,2,2,1,3,1
121,0,3,0,0,1,0,0,0,1,2,2,1,1,3
122,0,2,1,0,0,1,0,0,1,0,2,2,2,2
123,1,2,0,0,1,0,0,0,0,2,1,2,1,2
124,0,1,0,1,0,1,0,0,1,2,2,3,3,1
125,1,3,1,0,0,1,0,0,1,0,0,0,1,1
126,0,3,0,0,1,0,0,0,1,1,2,1,0,3
127,1,3,0,0,1,0,0,0,1,2,2,1,0,2
128,1,3,1,1,0,0,1,0,0,0,1,1,2,3
129,0,3,0,0,1,0,0,0,1,2,2,2,0,4
130,0,3,0,0,1,0,0,0,1,0,2,2,0,4
131,0,3,0,0,1,0,0,0,1,2,2,1,0,2
132,0,3,1,0,0,1,0,0,0,2,3,2,2,4
133,1,2,1,0,0,1,0,0,0,2,3,1,2,2
134,0,2,0,0,1,0,0,0,1,2,2,1,1,1
135,0,2,0,0,1,0,0,0,1,0,2,1,2,1
136,1,1,0,2,0,0,1,0,0,2,1,1,2,0
137,0,1,1,0,0,1,0,0,1,2,2,2,3,1
138,0,3,0,0,1,0,0,0,1,2,2,0,1,1
139,0,1,0,0,1,0,0,0,1,0,2,1,3,0
140,0,3,0,2,0,0,1,0,0,0,3,1,2,3
141,1,3,0,0,1,0,0,0,0,2,1,1,0,2
142,1,3,1,0,0,1,0,0,0,2,3,1,2,2
143,0,3,0,0,1,0,0,0,1,1,2,1,0,2
144,0,2,0,0,1,0,0,0,1,2,2,1,1,1
145,0,2,1,1,0,0,1,0,1,2,2,1,3,1
146,1,3,0,0,1,0,0,0,1,2,2,1,0,3
147,0,3,2,2,0,0,0,1,0,2,1,0,3,0
148,0,2,0,2,0,0,1,0,1,2,2,2,2,3
149,0,2,0,0,1,0,0,0,1,2,4,2,1,3
150,0,2,0,0,1,0,0,0,1,2,4,3,1,4
151,1,1,1,0,0,1,0,0,0,2,3,1,3,0
152,0,3,0,0,1,0,0,0,1,2,2,3,1,4
153,0,3,0,2,0,0,1,0,1,2,2,2,2,4
154,0,3,0,0,1,0,0,0,1,2,2,1,0,3
155,0,1,0,1,0,1,0,0,1,0,2,3,3,1
156,1,3,0,0,1,0,0,0,0,1,1,0,0,1
157,0,3,0,0,1,0,0,0,1,2,2,1,1,4
158,0,3,0,0,1,0,0,0,1,2,2,1,1,3
159,0,3,8,2,0,0,0,1,1,2,0,1,3,3
160,0,3,0,1,0,1,0,0,1,2,2,2,2,4
161,1,2,0,0,1,0,0,0,0,2,3,2,2,3
162,0,3,0,0,1,0,0,0,1,2,2,1,0,3
163,0,3,0,0,1,0,0,0,1,2,2,1,1,1
164,0,3,4,1,0,0,0,1,1,2,0,0,3,0
165,1,3,0,2,0,0,1,0,1,2,0,0,2,0
166,1,1,0,1,0,1,0,0,0,2,3,1,3,0
167,0,3,1,4,0,0,0,1,0,2,3,2,2,4
168,0,1,0,0,1,0,0,0,1,2,2,1,2,0
169,0,3,0,0,1,0,0,0,1,2,2,1,3,3
170,0,1,0,0,1,0,0,0,1,2,2,3,3,2
171,0,3,4,1,0,0,0,1,1,1,0,0,2,0
172,1,3,1,1,0,0,1,0,0,2,1,0,1,0
173,0,3,0,0,1,0,0,0,1,2,2,1,1,2
174,0,1,0,0,1,0,0,0,1,0,2,3,2,2
175,0,3,1,1,0,0,1,0,1,2,2,1,0,1
176,0,3,3,1,0,0,0,1,1,2,0,1,2,3
177,0,1,0,0,1,0,0,0,0,0,1,3,2,1
178,0,2,0,0,1,0,0,0,1,2,2,1,1,2
179,0,3,0,0,1,0,0,0,1,2,2,2,0,4
180,0,3,8,2,0,0,0,1,0,2,1,1,3,3
181,0,2,0,0,1,0,0,0,1,0,2,1,2,2
182,0,3,4,2,0,0,0,1,1,2,0,0,3,0
183,1,2,2,1,0,0,1,0,1,2,0,0,3,0
184,1,3,0,2,0,0,1,0,0,2,1,0,2,0
185,0,1,0,0,1,0,0,0,1,2,2,1,3,0
186,1,3,1,0,0,1,0,0,0,1,3,1,2,3
187,1,1,0,0,1,0,0,0,1,2,2,2,2,1
188,0,3,1,1,0,0,1,0,1,1,2,2,2,4
189,0,3,0,0,1,0,0,0,1,2,2,2,0,4
190,1,2,0,0,1,0,0,0,0,2,3,1,1,2
191,0,2,0,0,1,0,0,0,1,2,2,1,1,1
192,1,3,1,0,0,1,0,0,0,2,1,1,0,2
193,1,2,1,1,0,0,1,0,1,2,0,0,2,0
194,1,1,0,0,1,0,0,0,0,0,3,2,2,1
195,1,1,0,0,1,0,0,0,0,0,1,3,3,2
196,0,3,0,0,1,0,0,0,1,1,2,1,0,3
197,0,3,0,1,0,1,0,0,1,2,2,2,1,4
198,1,3,0,0,1,0,0,0,0,1,1,1,0,3
199,0,2,0,0,1,0,0,0,0,2,1,1,1,1
200,0,3,0,0,1,0,0,0,1,2,2,1,1,3
201,0,3,8,2,0,0,0,1,1,2,2,1,3,3
202,0,3,0,0,1,0,0,0,1,2,2,2,0,4
203,0,3,0,0,1,0,0,0,1,0,2,2,0,4
204,1,3,0,0,1,0,0,0,1,2,2,1,1,1
205,0,3,0,1,0,1,0,0,0,2,1,0,1,0
206,0,3,1,0,0,1,0,0,1,2,2,1,2,4
207,1,3,0,0,1,0,0,0,1,0,2,1,2,3
208,1,3,0,0,1,0,0,0,0,1,1,0,0,1
209,1,1,0,0,1,0,0,0,1,0,2,2,2,1
210,0,3,0,0,1,0,0,0,1,2,2,1,0,2
211,1,2,0,0,1,0,0,0,0,2,1,2,2,2
212,0,3,0,0,1,0,0,0,1,2,2,1,0,2
213,0,2,0,0,1,0,0,0,1,2,2,1,1,2
214,0,3,1,0,0,1,0,0,1,1,2,1,0,3
215,1,1,1,0,0,1,0,0,0,0,1,1,3,0
216,1,3,0,0,1,0,0,0,0,2,1,1,1,3
217,0,2,1,0,0,1,0,0,1,2,2,2,2,3
218,1,1,0,0,1,0,0,0,0,0,1,1,3,0
219,0,2,0,0,1,0,0,0,1,2,2,1,1,2
220,1,3,0,0,1,0,0,0,1,2,2,0,1,1
221,0,2,0,0,1,0,0,0,1,2,2,1,1,1
222,0,3,0,0,1,0,0,0,1,2,2,3,1,4
223,0,3,0,0,1,0,0,0,1,2,2,1,0,3
224,1,1,1,0,0,1,0,0,1,2,2,2,3,1
225,0,3,0,0,1,0,0,0,1,2,2,1,1,2
226,1,2,0,0,1,0,0,0,1,2,2,1,1,1
227,0,3,0,0,1,0,0,0,1,2,2,1,0,2
228,0,2,0,0,1,0,0,0,1,2,2,1,1,1
229,0,3,3,1,0,0,0,1,0,2,1,1,2,3
230,1,1,1,0,0,1,0,0,0,2,3,2,3,0
231,0,3,0,0,1,0,0,0,1,2,2,1,0,4
232,0,2,0,0,1,0,0,0,1,2,2,3,1,4
233,1,3,4,2,0,0,0,1,0,2,1,0,3,0
234,0,2,0,0,1,0,0,0,1,2,2,1,1,1
235,0,3,0,0,1,0,0,0,0,2,1,1,0,3
236,0,2,1,0,0,1,0,0,1,2,2,2,2,4
237,1,2,0,2,0,0,1,0,0,2,1,0,2,0
238,0,2,0,0,1,0,0,0,1,2,2,1,1,1
239,0,2,0,0,1,0,0,0,1,2,2,2,1,2
240,0,3,1,0,0,1,0,0,0,0,1,1,1,3
241,1,3,1,0,0,1,0,0,0,1,1,1,2,3
242,0,2,0,0,1,0,0,0,1,2,2,1,1,2
243,0,3,0,0,1,0,0,0,1,2,2,1,0,2
244,0,3,0,0,1,0,0,0,1,0,2,1,0,4
245,0,1,2,0,0,0,1,0,1,1,4,2,3,1
246,0,3,0,0,1,0,0,0,0,2,1,1,0,3
247,1,2,0,2,0,0,1,0,0,2,3,1,2,1
248,1,1,1,1,0,0,1,0,1,2,2,2,3,1
249,0,2,1,0,0,1,0,0,1,2,4,3,2,4
250,0,3,0,0,1,0,0,0,1,2,2,1,0,3
251,0,3,1,1,0,0,1,0,0,2,3,1,1,4
252,0,1,0,0,1,0,0,0,1,2,2,3,2,2
253,0,3,1,0,0,1,0,0,1,2,2,1,2,4
254,0,3,0,2,0,0,1,0,0,2,3,2,2,4
255,1,3,0,2,0,0,1,0,0,0,3,1,2,4
256,1,1,0,0,1,0,0,0,0,0,3,1,3,0
257,1,1,0,0,1,0,0,0,0,2,1,1,3,0
258,1,1,0,0,1,0,0,0,0,0,1,2,3,0
259,1,2,0,1,0,1,0,0,0,2,3,3,2,4
260,0,3,0,0,1,0,0,0,1,1,2,1,0,3
261,1,3,4,2,0,0,0,1,1,2,0,0,3,0
262,0,1,1,1,0,0,1,0,1,2,2,3,3,1
263,0,1,0,0,1,0,0,0,1,2,2,2,0,1
264,0,3,0,0,1,0,0,0,0,1,1,1,0,3
265,0,2,0,0,1,0,0,0,1,2,2,2,1,2
266,0,3,4,1,0,0,0,1,1,2,2,0,3,1
267,1,3,1,0,0,1,0,0,1,2,2,1,0,3
268,1,1,0,1,0,1,0,0,0,2,3,3,3,2
269,1,1,0,0,1,0,0,0,0,2,1,2,3,0
270,0,1,0,0,1,0,0,0,1,2,2,1,2,0
271,1,3,0,0,1,0,0,0,1,2,2,1,0,3
272,1,2,0,1,0,1,0,0,0,2,3,2,2,3
273,0,1,0,1,0,1,0,0,1,0,2,2,2,1
274,1,3,0,0,1,0,0,0,0,1,1,1,0,3
275,1,1,1,0,0,1,0,0,0,2,1,3,3,2
276,0,3,0,0,1,0,0,0,0,2,1,2,0,4
277,0,2,0,0,1,0,0,0,1,2,2,1,0,2
278,0,3,4,1,0,0,0,1,1,1,0,0,2,0
279,1,3,1,1,0,0,1,0,0,2,3,2,2,4
280,0,3,0,0,1,0,0,0,1,1,2,4,0,4
281,0,3,0,0,1,0,0,0,1,2,2,1,0,3
282,0,3,0,0,1,0,0,0,1,2,2,0,1,1
283,1,3,0,0,1,0,0,0,1,2,2,1,1,2
284,0,1,0,0,1,0,0,0,1,2,2,1,2,0
285,0,3,0,0,1,0,0,0,1,0,2,2,1,4
286,1,3,0,0,1,0,0,0,1,2,2,1,1,4
287,0,3,0,0,1,0,0,0,1,2,2,1,0,2
288,1,2,0,0,1,0,0,0,1,2,2,2,1,3
289,1,3,0,0,1,0,0,0,0,1,1,1,0,2
290,1,1,0,0,1,0,0,0,0,2,1,1,3,0
291,1,1,1,0,0,1,0,0,0,0,3,1,3,0
292,0,2,0,0,1,0,0,0,1,0,2,2,1,2
293,0,3,0,0,1,0,0,0,0,2,1,1,1,2
294,0,3,0,0,1,0,0,0,1,2,2,1,0,2
295,0,1,0,0,1,0,0,0,1,0,2,1,2,0
296,0,3,0,0,1,0,0,0,1,0,2,1,0,2
297,0,1,1,2,0,0,1,0,0,2,1,0,3,0
298,1,1,0,0,1,0,0,0,1,2,2,1,2,0
299,1,1,0,1,0,1,0,0,0,0,3,3,3,1
300,1,3,0,0,1,0,0,0,0,1,1,1,0,3
301,1,3,2,0,0,0,1,0,1,1,2,1,2,3
302,0,3,0,0,1,0,0,0,1,2,2,1,0,2
303,1,2,0,0,1,0,0,0,0,1,1,1,1,2
304,0,3,0,0,1,0,0,0,1,2,2,1,1,3
305,1,1,1,2,0,0,1,0,1,2,0,0,3,0
306,1,1,0,0,1,0,0,0,0,0,1,1,3,0
307,1,1,1,0,0,1,0,0,0,0,3,1,3,0
308,0,2,1,0,0,1,0,0,1,0,2,1,2,2
309,1,1,0,0,1,0,0,0,0,0,1,1,3,0
310,1,1,0,0,1,0,0,0,0,0,1,1,3,0
311,1,1,2,2,0,0,0,1,0,0,1,1,3,0
312,0,2,1,1,0,0,1,0,0,2,3,1,2,1
313,0,3,0,0,1,0,0,0,1,2,2,1,0,3
314,0,2,1,1,0,0,1,0,1,2,2,2,2,4
315,1,3,0,0,1,0,0,0,0,2,1,1,0,3
316,1,2,1,0,0,1,0,0,0,2,3,1,2,1
317,0,2,0,0,1,0,0,0,1,2,4,3,1,4
318,1,1,0,2,0,0,1,0,0,2,1,1,3,0
319,1,1,1,1,0,0,1,0,0,0,3,2,3,1
320,0,3,0,0,1,0,0,0,1,2,2,1,0,2
321,0,3,0,0,1,0,0,0,1,2,2,1,0,3
322,1,2,0,0,1,0,0,0,0,1,1,1,1,2
323,1,2,1,1,0,0,1,0,0,2,3,1,2,1
324,0,3,8,2,0,0,0,1,1,2,2,1,3,3
325,1,1,0,0,1,0,0,0,0,0,1,2,3,1
326,0,3,0,0,1,0,0,0,1,2,2,3,0,4
327,1,2,0,0,1,0,0,0,0,2,3,2,1,2
328,1,3,1,1,0,0,1,0,0,2,3,1,2,4
329,1,1,0,1,0,1,0,0,0,0,1,0,3,0
330,1,3,2,0,0,0,1,0,0,1,1,1,2,3
331,0,1,0,0,1,0,0,0,1,2,2,2,2,1
332,0,1,0,1,0,1,0,0,1,2,2,2,3,1
333,0,3,2,0,0,0,1,0,1,2,2,0,2,1
334,1,1,1,0,0,1,0,0,0,2,3,1,3,0
335,0,3,0,0,1,0,0,0,1,2,2,1,0,3
336,0,1,1,0,0,1,0,0,1,2,2,1,3,0
337,1,1,0,0,1,0,0,0,0,0,1,2,3,1
338,1,3,0,0,1,0,0,0,1,2,2,2,1,4
339,0,1,0,0,1,0,0,0,1,2,2,2,3,1
340,1,2,1,1,0,0,1,0,1,2,0,0,2,0
341,1,1,3,2,0,0,0,1,0,2,1,1,3,0
342,0,2,0,0,1,0,0,0,1,2,2,1,1,2
343,0,2,0,0,1,0,0,0,1,2,2,1,1,1
344,0,2,0,0,1,0,0,0,1,2,2,2,1,2
345,1,2,0,0,1,0,0,0,0,2,1,1,1,1
346,1,2,0,0,1,0,0,0,0,2,1,2,1,3
347,1,3,1,0,0,1,0,0,0,2,3,1,2,3
348,1,3,1,1,0,0,1,0,1,2,0,0,2,0
349,0,3,0,0,1,0,0,0,1,2,2,2,1,4
350,0,3,0,0,1,0,0,0,1,2,2,1,1,2
351,0,1,0,0,1,0,0,0,1,2,2,1,3,0
352,0,3,1,1,0,0,1,0,1,0,2,0,0,1
353,0,3,1,0,0,1,0,0,1,2,2,1,2,3
354,0,3,0,0,1,0,0,0,1,0,2,1,0,3
355,0,3,0,0,1,0,0,0,1,2,2,1,1,3
356,1,1,0,1,0,1,0,0,0,2,1,1,3,0
357,0,2,0,0,1,0,0,0,0,2,1,2,1,3
358,1,3,0,0,1,0,0,0,0,1,1,1,0,3
359,1,3,0,0,1,0,0,0,0,1,1,1,0,3
360,0,3,1,4,0,0,0,1,1,2,2,2,2,4
361,0,2,1,0,0,1,0,0,1,0,2,1,2,2
362,0,3,0,1,0,1,0,0,0,0,3,2,1,4
363,0,3,0,0,1,0,0,0,1,2,2,2,0,4
364,0,3,1,0,0,1,0,0,1,1,2,1,2,3
365,0,3,0,0,1,0,0,0,1,2,2,1,0,4
366,1,1,1,0,0,1,0,0,0,0,3,3,3,2
367,1,3,0,0,1,0,0,0,0,0,3,1,0,3
368,1,3,0,0,1,0,0,0,0,1,1,1,0,3
369,1,1,0,0,1,0,0,0,0,0,3,1,3,0
370,1,1,1,0,0,1,0,0,1,0,2,1,3,0
371,0,3,1,0,0,1,0,0,1,2,2,1,0,1
372,0,3,0,0,1,0,0,0,1,2,2,1,1,2
373,0,1,0,0,1,0,0,0,1,0,2,1,3,0
374,0,3,3,1,0,0,0,1,0,2,1,0,2,0
375,1,1,1,0,0,1,0,0,0,0,3,1,3,0
376,1,3,0,0,1,0,0,0,0,2,1,1,0,2
377,0,1,0,2,0,0,1,0,1,0,2,1,3,0
378,0,3,0,0,1,0,0,0,1,0,2,1,0,2
379,0,3,0,0,1,0,0,0,1,2,2,1,0,2
380,1,1,0,0,1,0,0,0,0,0,1,2,3,1
381,1,3,0,2,0,0,1,0,0,0,1,0,2,0
382,0,3,0,0,1,0,0,0,1,2,2,1,1,4
383,1,1,1,0,0,1,0,0,0,2,3,2,3,0
384,0,3,0,0,1,0,0,0,1,2,2,1,0,3
385,0,2,0,0,1,0,0,0,1,2,2,1,3,1
386,0,3,5,2,0,0,0,1,1,2,0,0,3,0
387,1,2,0,0,1,0,0,0,0,2,1,2,1,2
388,0,3,0,0,1,0,0,0,1,1,2,1,0,3
389,1,2,0,0,1,0,0,0,0,0,1,1,1,0
390,1,1,1,2,0,0,1,0,1,2,2,2,3,1
391,1,3,0,0,1,0,0,0,1,2,2,1,0,2
392,0,3,2,0,0,0,1,0,1,2,2,1,1,3
393,1,1,1,0,0,1,0,0,0,0,1,1,3,0
394,1,3,0,2,0,0,1,0,0,2,3,1,2,2
395,0,3,0,0,1,0,0,0,1,2,2,1,0,2
396,0,3,0,0,1,0,0,0,0,2,1,1,0,4
397,0,2,0,0,1,0,0,0,1,2,2,2,2,4
398,0,2,0,0,1,0,0,0,1,2,4,1,1,1
399,1,2,0,0,1,0,0,0,0,2,3,1,1,2
400,1,3,0,0,1,0,0,0,1,2,2,2,1,4
401,0,3,0,0,1,0,0,0,1,2,2,1,1,3
402,0,3,1,0,0,1,0,0,0,2,1,1,1,2
403,0,3,1,0,0,1,0,0,1,2,2,1,2,3
404,0,3,0,0,1,0,0,0,0,2,1,1,1,2
405,0,2,1,0,0,1,0,0,1,2,2,2,2,2
406,0,3,0,0,1,0,0,0,1,2,2,3,0,4
407,1,2,1,1,0,0,1,0,1,2,0,0,2,0
408,0,3,0,0,1,0,0,0,1,2,2,1,0,2
409,0,3,3,1,0,0,0,1,0,2,1,1,2,3
410,0,3,0,0,1,0,0,0,1,2,2,1,0,3
411,0,3,0,0,1,0,0,0,1,1,2,1,0,3
412,1,1,1,0,0,1,0,0,0,1,1,2,3,0
413,0,2,0,0,1,0,0,0,1,2,2,1,0,2
414,1,3,0,0,1,0,0,0,1,2,2,2,1,4
415,0,3,0,0,1,0,0,0,0,2,3,1,1,3
416,1,2,1,1,0,0,1,0,0,2,3,2,3,2
417,1,2,0,2,0,0,1,0,0,2,1,1,1,1
418,0,2,0,0,1,0,0,0,1,2,2,1,1,2
419,0,3,0,2,0,0,1,0,0,2,1,0,2,0
420,0,3,0,0,1,0,0,0,1,0,2,1,0,3
421,0,3,0,0,1,0,0,0,1,1,2,1,0,2
422,0,3,0,0,1,0,0,0,1,2,2,1,0,4
423,0,3,1,1,0,0,1,0,0,2,3,1,1,3
424,0,3,1,1,0,0,1,0,1,2,2,1,2,1
425,0,3,0,0,1,0,0,0,1,2,2,1,0,3
426,1,2,1,0,0,1,0,0,0,2,3,1,2,2
427,1,2,0,0,1,0,0,0,0,2,1,1,2,1
428,0,3,0,0,1,0,0,0,1,1,2,1,0,3
429,1,3,0,0,1,0,0,0,1,2,2,1,1,4
430,1,1,0,0,1,0,0,0,1,2,2,1,2,0
431,1,3,1,0,0,1,0,0,0,2,3,1,2,3
432,1,2,1,0,0,1,0,0,0,2,3,2,2,3
433,0,3,0,0,1,0,0,0,1,2,2,1,0,1
434,0,1,1,0,0,1,0,0,1,2,2,3,3,1
435,1,1,1,2,0,0,1,0,0,2,1,0,3,0
436,0,3,2,2,0,0,0,1,0,2,1,1,3,2
437,1,2,2,3,0,0,0,1,0,2,3,1,2,1
438,0,1,1,4,0,0,0,1,1,2,2,3,3,2
439,0,2,0,0,1,0,0,0,1,2,2,1,1,2
440,1,2,1,1,0,0,1,0,0,2,3,2,2,4
441,0,3,0,0,1,0,0,0,1,2,2,1,1,2
442,0,3,1,0,0,1,0,0,1,2,2,1,0,3
443,1,2,0,0,1,0,0,0,0,2,1,1,1,2
444,1,3,0,0,1,0,0,0,1,2,2,1,1,3
445,1,1,0,2,0,0,1,0,1,2,0,0,3,0
446,1,2,0,1,0,1,0,0,0,2,1,0,2,0
447,1,1,0,0,1,0,0,0,1,2,2,2,2,0
448,1,3,2,1,0,0,1,0,0,0,1,0,2,0
449,1,1,0,0,1,0,0,0,1,2,4,3,2,1
450,0,2,1,2,0,0,1,0,1,2,2,2,2,2
451,0,3,1,0,0,1,0,0,1,2,2,1,2,3
452,0,1,0,0,1,0,0,0,1,0,2,1,2,0
453,1,1,1,0,0,1,0,0,1,0,2,3,3,1
454,0,3,0,0,1,0,0,0,1,2,2,1,1,3
455,1,3,0,0,1,0,0,0,1,0,2,1,0,4
456,0,1,0,0,1,0,0,0,1,2,2,4,2,2
457,1,1,1,0,0,1,0,0,0,2,3,1,3,0
458,1,2,0,0,1,0,0,0,0,2,1,3,1,4
459,0,3,0,0,1,0,0,0,1,1,2,1,0,3
460,1,1,0,0,1,0,0,0,1,2,2,2,2,1
461,0,3,0,0,1,0,0,0,1,2,2,2,1,4
462,0,1,0,0,1,0,0,0,1,2,2,2,3,1
463,0,2,0,0,1,0,0,0,1,2,2,2,1,4
464,0,3,0,0,1,0,0,0,1,2,2,1,1,3
465,0,3,0,0,1,0,0,0,1,2,2,2,0,4
466,0,2,0,0,1,0,0,0,1,2,2,1,0,2
467,0,1,0,0,1,0,0,0,1,2,2,3,2,2
468,0,3,0,0,1,0,0,0,1,1,2,1,0,3
469,1,3,2,1,0,0,1,0,0,0,1,0,2,0
470,0,3,0,0,1,0,0,0,1,2,2,1,0,3
471,0,3,0,0,1,0,0,0,1,2,2,2,1,4
472,1,2,1,2,0,0,1,0,0,2,3,2,2,2
473,1,2,0,0,1,0,0,0,0,0,3,1,1,1
474,0,3,0,0,1,0,0,0,0,2,1,1,1,2
475,0,1,0,0,1,0,0,0,1,2,2,1,3,0
476,0,2,1,0,0,1,0,0,1,2,2,2,2,2
477,0,3,1,0,0,1,0,0,1,2,2,1,0,4
478,0,3,0,0,1,0,0,0,1,2,2,1,0,2
479,1,3,0,1,0,1,0,0,0,2,1,0,1,0
480,0,3,5,2,0,0,0,1,1,2,0,0,3,0
481,0,2,0,0,1,0,0,0,1,2,2,1,0,2
482,0,3,0,0,1,0,0,0,1,2,2,3,1,4
483,1,3,0,0,1,0,0,0,0,2,3,3,1,4
484,1,1,1,0,0,1,0,0,1,0,2,1,3,0
485,0,3,3,1,0,0,0,1,0,2,1,1,2,3
486,1,1,1,0,0,1,0,0,0,2,3,2,3,0
487,0,1,0,0,1,0,0,0,1,0,2,3,2,2
488,0,3,0,0,1,0,0,0,1,2,2,1,1,4
489,1,3,1,1,0,0,1,0,1,2,0,0,2,0
490,0,3,1,0,0,1,0,0,1,2,2,1,2,3
491,0,3,0,0,1,0,0,0,1,2,2,1,0,2
492,0,1,0,0,1,0,0,0,1,2,2,3,2,1
493,0,1,0,0,1,0,0,0,1,0,2,4,3,2
494,0,3,0,0,1,0,0,0,1,2,2,1,1,2
495,0,3,0,0,1,0,0,0,1,0,2,1,2,3
496,1,1,1,0,0,1,0,0,0,0,1,3,3,1
497,0,3,0,0,1,0,0,0,1,2,2,1,2,3
498,0,1,1,2,0,0,1,0,0,2,3,1,3,0
499,0,3,0,0,1,0,0,0,1,2,2,1,0,2
500,0,3,0,0,1,0,0,0,1,2,2,1,1,1
501,0,3,0,0,1,0,0,0,0,1,1,1,0,2
502,0,3,0,0,1,0,0,0,0,1,1,1,0,3
503,0,3,0,0,1,0,0,0,0,2,1,2,1,4
504,1,1,0,0,1,0,0,0,0,2,1,0,3,0
505,0,1,1,0,0,1,0,0,1,0,2,1,3,0
506,1,2,0,2,0,0,1,0,0,2,3,2,2,2
507,1,1,0,0,1,0,0,0,1,2,2,1,2,0
508,0,3,0,0,1,0,0,0,1,2,2,1,2,3
509,1,3,0,0,1,0,0,0,1,2,2,1,3,3
510,1,3,0,0,1,0,0,0,1,1,2,1,0,4
511,0,3,0,0,1,0,0,0,1,2,2,1,1,3
512,1,1,0,0,1,0,0,0,1,2,2,2,2,1
513,1,1,1,0,0,1,0,0,0,0,3,3,3,1
514,0,3,0,0,1,0,0,0,1,2,2,1,0,2
515,0,1,0,0,1,0,0,0,1,2,2,2,3,1
516,1,2,0,0,1,0,0,0,0,2,3,2,1,2
517,0,3,0,0,1,0,0,0,1,1,2,1,2,3
518,1,2,1,0,0,1,0,0,0,2,3,2,2,2
519,0,3,0,0,1,0,0,0,1,2,2,1,0,4
520,1,1,0,0,1,0,0,0,0,2,1,1,3,0
521,0,3,0,0,1,0,0,0,1,2,2,1,0,2
522,0,3,0,0,1,0,0,0,1,0,2,1,0,3
523,1,1,0,1,0,1,0,0,0,0,3,2,3,1
524,0,3,0,0,1,0,0,0,1,0,2,1,0,3
525,0,3,0,0,1,0,0,0,1,1,2,2,0,4
526,1,2,0,0,1,0,0,0,0,2,1,3,1,4
527,0,1,0,0,1,0,0,0,1,2,2,1,3,0
528,0,3,0,0,1,0,0,0,1,2,2,2,1,4
529,0,2,2,1,0,0,1,0,1,2,2,1,1,1
530,1,2,1,1,0,0,1,0,0,2,1,0,2,0
531,0,3,0,0,1,0,0,0,1,0,2,1,0,3
532,0,3,1,1,0,0,1,0,1,0,2,1,0,1
533,1,3,0,2,0,0,1,0,0,0,3,1,2,3
534,0,3,0,0,1,0,0,0,0,2,1,1,1,4
535,1,2,0,2,0,0,1,0,0,2,1,0,2,0
536,0,1,0,0,1,0,0,0,1,2,4,2,2,1
537,1,1,0,0,1,0,0,0,0,0,1,1,3,0
538,0,3,0,0,1,0,0,0,1,2,2,1,2,3
539,1,1,0,2,0,0,1,0,0,0,1,1,3,0
540,1,1,0,2,0,0,1,0,0,2,1,2,3,1
541,0,3,4,2,0,0,0,1,0,2,1,0,3,0
542,0,3,4,2,0,0,0,1,0,2,1,0,3,0
543,1,2,1,0,0,1,0,0,1,2,2,1,2,2
544,0,1,1,0,0,1,0,0,1,0,2,3,3,1
545,0,1,0,0,1,0,0,0,1,2,2,3,2,2
546,1,2,1,0,0,1,0,0,0,2,3,1,2,1
547,1,2,0,0,1,0,0,0,1,0,2,1,1,2
548,0,3,1,1,0,0,1,0,1,2,2,2,2,4
549,1,2,1,1,0,0,1,0,1,2,0,0,3,0
550,1,1,0,2,0,0,1,0,1,0,2,1,3,0
551,0,2,0,0,1,0,0,0,1,2,2,1,2,1
552,0,3,0,0,1,0,0,0,1,1,2,1,0,3
553,1,3,0,0,1,0,0,0,1,0,2,1,0,2
554,1,3,0,0,1,0,0,0,0,2,1,1,0,2
555,0,1,0,0,1,0,0,0,1,2,2,3,2,2
556,1,1,1,0,0,1,0,0,0,0,4,2,3,1
557,0,1,0,0,1,0,0,0,1,0,2,1,3,0
558,1,1,1,1,0,0,1,0,0,2,3,2,3,1
559,1,3,1,0,0,1,0,0,0,2,3,2,2,4
560,0,3,0,0,1,0,0,0,1,1,2,1,0,3
561,0,3,0,0,1,0,0,0,1,2,2,2,0,4
562,0,2,0,0,1,0,0,0,1,2,2,1,1,2
563,0,3,0,0,1,0,0,0,1,2,2,1,1,3
564,0,3,0,0,1,0,0,0,0,2,1,1,1,3
565,0,3,2,0,0,0,1,0,1,2,2,1,2,2
566,0,3,0,0,1,0,0,0,1,2,2,1,0,2
567,0,3,0,4,0,0,0,1,0,2,3,1,2,4
568,0,3,0,0,1,0,0,0,1,0,2,1,0,3
569,1,3,0,0,1,0,0,0,1,2,2,1,0,4
570,1,2,0,0,1,0,0,0,1,2,2,3,1,4
571,1,1,2,0,0,0,1,0,0,2,3,3,3,1
572,1,1,0,0,1,0,0,0,1,2,2,2,2,1
573,1,3,0,0,1,0,0,0,0,1,1,1,0,3
574,0,3,0,0,1,0,0,0,1,2,2,0,1,1
575,0,3,0,0,1,0,0,0,1,2,2,1,2,2
576,1,2,0,0,1,0,0,0,0,2,1,2,1,2
577,1,1,1,0,0,1,0,0,0,2,3,2,3,1
578,0,3,1,0,0,1,0,0,0,0,3,1,2,3
579,1,3,0,0,1,0,0,0,1,2,2,1,1,4
580,1,2,1,1,0,0,1,0,0,2,1,1,2,1
581,1,1,1,1,0,0,1,0,0,0,3,2,3,1
582,0,2,0,0,1,0,0,0,1,2,2,3,2,4
583,0,1,0,0,1,0,0,0,1,0,2,2,3,1
584,0,3,0,0,1,0,0,0,1,0,2,1,1,3
585,1,1,0,2,0,0,1,0,0,2,1,1,3,0
586,0,2,0,0,1,0,0,0,1,2,2,2,2,4
587,1,1,1,1,0,0,1,0,1,0,2,3,3,2
588,0,3,0,0,1,0,0,0,1,2,2,1,1,2
589,0,3,0,0,1,0,0,0,1,2,2,1,1,3
590,0,3,0,0,1,0,0,0,1,2,2,2,0,4
591,1,1,1,0,0,1,0,0,0,0,3,3,3,1
592,0,3,0,0,1,0,0,0,1,2,2,2,0,4
593,0,3,0,2,0,0,1,0,0,1,1,1,0,3
594,0,2,1,0,0,1,0,0,1,2,2,2,2,3
595,0,3,1,1,0,0,1,0,1,2,2,2,2,4
596,1,2,0,0,1,0,0,0,0,2,1,1,3,2
597,0,3,0,0,1,0,0,0,1,2,2,3,0,4
598,0,3,0,0,1,0,0,0,1,0,2,1,0,3
599,1,1,1,0,0,1,0,0,1,0,4,3,3,1
600,1,2,2,1,0,0,1,0,0,2,3,1,2,1
601,0,3,0,0,1,0,0,0,1,2,2,1,0,3
602,0,1,0,0,1,0,0,0,1,2,2,1,3,0
603,0,3,0,0,1,0,0,0,1,2,2,2,1,4
604,1,1,0,0,1,0,0,0,1,0,2,2,2,0
605,0,3,1,0,0,1,0,0,1,2,2,2,2,4
606,0,3,0,0,1,0,0,0,1,2,2,1,0,4
607,1,1,0,0,1,0,0,0,1,2,2,1,2,0
608,1,2,1,2,0,0,1,0,0,0,3,1,3,1
609,1,1,0,0,1,0,0,0,0,2,1,2,3,1
610,0,3,1,5,0,0,0,1,0,2,3,2,3,4
611,0,3,0,0,1,0,0,0,1,2,2,1,0,3
612,1,3,1,0,0,1,0,0,0,1,1,1,2,3
613,0,3,0,0,1,0,0,0,1,1,2,1,0,3
614,0,3,0,0,1,0,0,0,1,2,2,2,1,4
615,1,2,1,2,0,0,1,0,0,2,1,1,3,1
616,0,3,1,1,0,0,1,0,1,2,2,2,1,4
617,0,3,1,0,0,1,0,0,0,2,3,1,2,3
618,1,2,2,1,0,0,1,0,0,2,1,0,3,0
619,0,2,0,0,1,0,0,0,1,2,2,1,1,1
620,0,3,1,0,0,1,0,0,1,0,2,1,1,3
621,1,1,1,0,0,1,0,0,1,2,2,2,3,1
622,1,3,1,1,0,0,1,0,1,0,2,1,2,2
623,0,3,0,0,1,0,0,0,1,2,2,1,0,2
624,0,3,0,0,1,0,0,0,1,2,2,1,2,2
625,0,1,0,0,1,0,0,0,1,2,2,3,3,2
626,0,2,0,0,1,0,0,0,1,1,4,3,1,4
627,1,1,0,0,1,0,0,0,0,2,1,1,3,0
628,0,3,0,0,1,0,0,0,1,2,2,1,0,3
629,0,3,0,0,1,0,0,0,1,1,2,1,0,3
630,1,1,0,0,1,0,0,0,1,2,2,4,2,3
631,0,3,0,0,1,0,0,0,1,2,2,3,0,4
632,1,1,0,0,1,0,0,0,1,0,4,1,2,0
633,0,1,0,0,1,0,0,0,1,2,2,1,0,0
634,0,3,3,2,0,0,0,1,0,2,1,0,2,0
635,1,2,0,0,1,0,0,0,0,2,1,1,1,2
636,0,3,0,0,1,0,0,0,1,2,2,1,1,4
637,0,2,1,1,0,0,1,0,1,2,2,1,2,2
638,0,3,0,5,0,0,0,1,0,2,3,2,3,4
639,0,3,1,0,0,1,0,0,1,2,2,1,2,3
640,0,3,0,0,1,0,0,0,1,2,2,1,0,2
641,1,1,0,0,1,0,0,0,0,0,1,1,3,0
642,0,3,3,2,0,0,0,1,0,2,1,0,2,0
643,1,3,0,0,1,0,0,0,1,2,2,1,3,3
644,1,3,2,1,0,0,1,0,0,0,1,0,2,0
645,1,1,1,0,0,1,0,0,1,0,2,2,3,1
646,0,3,0,0,1,0,0,0,1,2,2,1,0,2
647,1,1,0,0,1,0,0,0,1,0,4,3,3,2
648,0,3,0,0,1,0,0,0,1,2,2,1,0,3
649,1,3,0,0,1,0,0,0,0,2,1,1,0,2
650,0,3,0,0,1,0,0,0,1,2,2,1,0,3
651,1,2,0,1,0,1,0,0,0,2,1,1,2,1
652,0,3,0,0,1,0,0,0,1,2,2,1,1,2
653,1,3,0,0,1,0,0,0,0,1,1,1,0,3
654,0,3,0,0,1,0,0,0,0,1,1,1,0,1
655,0,2,2,0,0,0,1,0,1,2,2,1,3,1
656,0,3,0,0,1,0,0,0,1,2,2,1,0,3
657,0,3,1,1,0,0,1,0,0,1,3,1,2,4
658,0,2,0,0,1,0,0,0,1,2,2,1,1,1
659,0,1,0,2,0,0,1,0,1,0,2,3,3,2
660,1,1,2,0,0,0,1,0,1,2,4,3,3,1
661,0,3,0,0,1,0,0,0,1,0,2,2,0,4
662,0,1,0,0,1,0,0,0,1,2,2,2,2,1
663,0,3,0,0,1,0,0,0,1,2,2,2,0,4
664,1,3,1,0,0,1,0,0,1,2,2,1,1,2
665,0,2,2,0,0,0,1,0,1,2,2,1,3,2
666,0,2,0,0,1,0,0,0,1,2,2,1,1,1
667,0,3,0,0,1,0,0,0,1,2,2,1,0,3
668,0,3,0,0,1,0,0,0,1,2,2,2,1,4
669,1,1,1,0,0,1,0,0,0,2,3,1,3,0
670,1,2,1,1,0,0,1,0,0,2,3,2,3,3
671,0,1,1,0,0,1,0,0,1,2,2,1,3,0
672,0,2,0,0,1,0,0,0,1,2,2,4,1,4
673,1,2,0,0,1,0,0,0,1,2,2,1,1,2
674,0,2,0,0,1,0,0,0,1,2,2,1,0,2
675,0,3,0,0,1,0,0,0,1,2,2,1,0,1
676,0,3,0,0,1,0,0,0,1,2,2,1,1,3
677,1,3,0,0,1,0,0,0,0,2,1,1,1,1
678,0,3,1,6,0,0,0,1,0,2,3,2,3,4
679,1,1,0,1,0,1,0,0,1,0,2,2,3,1
680,0,3,0,0,1,0,0,0,0,1,1,1,1,3
681,1,1,0,0,1,0,0,0,1,0,2,1,3,0
682,0,3,0,0,1,0,0,0,1,2,2,1,1,2
683,0,3,5,2,0,0,0,1,1,2,2,0,3,1
684,0,2,1,1,0,0,1,0,1,2,2,3,3,4
685,0,2,1,2,0,0,1,0,1,0,2,1,3,1
686,0,3,4,1,0,0,0,1,1,2,2,0,3,1
687,0,3,0,0,1,0,0,0,1,2,2,1,1,2
688,0,3,0,0,1,0,0,0,1,2,2,1,0,1
689,1,1,0,1,0,1,0,0,0,2,1,0,3,0
690,1,1,1,0,0,1,0,0,1,2,2,1,3,0
691,1,3,0,1,0,1,0,0,0,0,1,0,1,0
692,1,3,0,0,1,0,0,0,1,2,2,1,3,3
693,0,3,0,0,1,0,0,0,1,0,2,1,0,3
694,0,1,0,0,1,0,0,0,1,2,4,3,2,2
695,0,2,0,0,1,0,0,0,1,2,2,3,1,4
696,0,3,0,0,1,0,0,0,1,2,2,2,1,4
697,1,3,0,0,1,0,0,0,0,1,1,1,0,3
698,0,1,1,1,0,0,1,0,1,0,2,3,3,1
699,0,3,0,0,1,0,0,0,1,2,2,2,0,4
700,1,1,1,0,0,1,0,0,0,0,3,1,3,0
701,1,1,0,0,1,0,0,0,1,2,2,2,2,0
702,0,3,0,1,0,1,0,0,0,0,1,1,1,1
703,0,3,0,0,1,0,0,0,1,1,2,1,0,3
704,0,3,1,0,0,1,0,0,1,2,2,1,0,3
705,0,2,0,0,1,0,0,0,1,2,2,2,2,3
706,1,2,0,0,1,0,0,0,0,2,3,2,1,4
707,1,1,0,0,1,0,0,0,1,2,2,2,2,1
708,1,1,0,0,1,0,0,0,0,2,1,1,3,0
709,1,3,1,1,0,0,1,0,1,0,0,1,2,3
710,1,1,0,0,1,0,0,0,0,0,1,1,3,0
711,0,1,0,0,1,0,0,0,1,2,2,1,2,0
712,1,1,1,0,0,1,0,0,1,2,2,2,3,1
713,0,3,0,0,1,0,0,0,1,2,2,1,1,4
714,0,2,0,0,1,0,0,0,1,2,2,3,1,4
715,0,3,0,0,1,0,0,0,1,2,2,1,0,2
716,1,1,0,0,1,0,0,0,0,0,1,2,3,1
717,1,2,0,0,1,0,0,0,0,2,1,1,1,1
718,0,3,0,0,1,0,0,0,1,1,2,1,2,3
719,0,3,0,0,1,0,0,0,1,2,2,2,0,4
720,1,2,0,1,0,1,0,0,0,2,1,0,3,0
721,0,3,1,0,0,1,0,0,1,2,2,1,0,1
722,0,2,0,0,1,0,0,0,1,2,2,2,1,2
723,0,2,0,0,1,0,0,0,1,2,2,3,1,4
724,1,1,1,0,0,1,0,0,1,2,2,1,3,0
725,0,3,0,0,1,0,0,0,1,2,2,1,1,2
726,1,2,3,0,0,0,1,0,0,2,3,1,2,2
727,1,3,0,0,1,0,0,0,0,1,1,1,0,3
728,0,2,1,0,0,1,0,0,1,2,2,1,2,1
729,0,3,1,0,0,1,0,0,0,2,1,1,1,3
730,1,1,0,0,1,0,0,0,0,2,1,1,3,0
731,0,3,0,0,1,0,0,0,1,0,2,0,2,0
732,0,2,0,0,1,0,0,0,1,2,2,1,0,2
733,0,2,0,0,1,0,0,0,1,2,2,1,1,1
734,0,2,0,0,1,0,0,0,1,2,2,1,1,1
735,0,3,0,0,1,0,0,0,1,2,2,1,2,4
736,0,3,1,3,0,0,0,1,0,2,3,2,3,4
737,1,1,0,0,1,0,0,0,1,0,2,2,3,0
738,0,3,0,0,1,0,0,0,1,2,2,1,0,3
739,0,3,0,0,1,0,0,0,1,2,2,1,0,3
740,1,1,0,0,1,0,0,0,1,2,2,1,2,0
741,0,1,1,0,0,1,0,0,1,2,2,2,3,1
742,1,1,2,2,0,0,0,1,0,0,1,1,3,0
743,0,3,1,0,0,1,0,0,1,2,2,1,2,2
744,1,3,0,0,1,0,0,0,1,2,2,1,1,4
745,0,1,1,1,0,0,1,0,1,2,4,4,3,2
746,0,3,1,1,0,0,1,0,1,2,2,0,2,1
747,1,2,0,0,1,0,0,0,0,2,1,1,1,2
748,0,1,1,0,0,1,0,0,1,2,2,1,3,0
749,0,3,0,0,1,0,0,0,1,1,2,1,0,4
750,1,2,1,1,0,0,1,0,0,2,1,0,2,0
751,1,3,0,1,0,1,0,0,1,2,0,0,1,0
752,0,3,0,0,1,0,0,0,1,2,2,2,1,4
753,0,3,0,0,1,0,0,0,1,2,2,1,0,2
754,1,2,1,2,0,0,1,0,0,2,3,2,3,4
755,1,2,1,1,0,0,1,0,1,2,0,0,2,0
756,0,3,0,0,1,0,0,0,1,2,2,1,0,3
757,0,2,0,0,1,0,0,0,1,2,2,1,1,1
758,0,3,0,0,1,0,0,0,1,2,2,2,1,4
759,1,1,0,0,1,0,0,0,0,2,4,2,3,0
760,0,3,0,0,1,0,0,0,1,2,2,1,2,3
761,0,3,0,0,1,0,0,0,1,2,2,2,0,4
762,1,3,0,0,1,0,0,0,1,0,2,1,0,2
763,1,1,1,2,0,0,1,0,0,2,3,2,3,1
764,0,3,0,0,1,0,0,0,1,2,2,0,0,1
765,1,1,1,0,0,1,0,0,0,2,3,3,3,1
766,0,1,0,0,1,0,0,0,1,0,4,1,3,0
767,0,3,0,0,1,0,0,0,0,1,1,1,0,4
768,0,3,1,0,0,1,0,0,1,1,2,1,2,3
769,0,3,0,0,1,0,0,0,1,2,2,1,1,4
770,0,3,0,0,1,0,0,0,1,2,2,1,1,2
771,0,3,0,0,1,0,0,0,1,2,2,2,0,4
772,0,2,0,0,1,0,0,0,0,2,3,3,1,4
773,0,3,0,0,1,0,0,0,1,0,2,1,0,3
774,1,2,1,3,0,0,0,1,0,2,3,3,2,4
775,0,3,0,0,1,0,0,0,1,2,2,1,0,1
776,0,3,0,0,1,0,0,0,1,1,2,1,0,3
777,1,3,0,0,1,0,0,0,0,2,1,0,1,0
778,0,3,0,0,1,0,0,0,1,1,2,1,0,3
779,1,1,0,1,0,1,0,0,0,2,3,2,3,1
780,1,3,0,0,1,0,0,0,0,0,1,0,0,1
781,1,1,1,0,0,1,0,0,0,2,3,1,3,0
782,0,1,0,0,1,0,0,0,1,2,2,1,2,0
783,0,3,1,2,0,0,1,0,1,2,2,1,2,3
784,0,3,0,0,1,0,0,0,1,2,2,1,0,3
785,0,3,0,0,1,0,0,0,1,2,2,1,0,3
786,1,3,0,0,1,0,0,0,0,2,1,1,0,1
787,0,3,4,1,0,0,0,1,1,1,0,0,2,0
788,1,3,1,2,0,0,1,0,1,2,0,0,2,0
789,0,1,0,0,1,0,0,0,1,0,2,2,3,1
790,0,3,0,0,1,0,0,0,1,1,2,1,0,3
791,0,2,0,0,1,0,0,0,1,2,2,0,2,0
792,0,3,8,2,0,0,0,1,0,2,1,1,3,3
793,0,1,0,0,1,0,0,0,1,0,2,1,2,0
794,0,3,0,0,1,0,0,0,1,2,2,1,0,3
795,0,2,0,0,1,0,0,0,1,2,2,2,1,3
796,1,1,0,0,1,0,0,0,0,2,4,3,2,1
797,1,3,0,0,1,0,0,0,0,2,3,1,1,4
798,0,3,0,0,1,0,0,0,1,0,2,1,0,4
799,0,3,1,1,0,0,1,0,0,2,3,1,2,4
800,0,2,0,0,1,0,0,0,1,2,2,2,1,2
801,1,2,1,1,0,0,1,0,0,2,3,1,2,2
802,1,1,1,2,0,0,1,0,1,2,0,0,3,0
803,1,3,0,1,0,1,0,0,1,0,0,0,1,0
804,1,3,0,0,1,0,0,0,1,2,2,1,0,3
805,0,3,0,0,1,0,0,0,1,2,2,1,0,4
806,0,1,0,0,1,0,0,0,1,2,2,2,0,1
807,0,3,0,0,1,0,0,0,0,2,1,1,0,1
808,0,2,0,0,1,0,0,0,1,2,2,2,1,3
809,1,1,1,0,0,1,0,0,0,2,3,2,3,0
810,0,3,0,0,1,0,0,0,1,2,2,1,0,3
811,0,3,0,0,1,0,0,0,1,2,2,2,2,4
812,0,2,0,0,1,0,0,0,1,2,2,2,1,2
813,0,3,4,2,0,0,0,1,0,2,1,0,3,0
814,0,3,0,0,1,0,0,0,1,2,2,1,1,4
815,0,1,0,0,1,0,0,0,1,2,2,1,0,0
816,0,3,0,0,1,0,0,0,0,2,1,1,1,2
817,0,2,1,1,0,0,1,0,1,0,2,1,3,2
818,0,3,0,0,1,0,0,0,1,2,2,2,0,4
819,0,3,3,2,0,0,0,1,1,2,0,0,2,0
820,1,1,1,1,0,0,1,0,0,2,3,3,3,1
821,1,3,0,0,1,0,0,0,1,2,2,1,1,3
822,0,1,0,0,1,0,0,0,1,2,4,2,0,1
823,1,3,0,1,0,1,0,0,0,2,3,1,1,3
824,0,3,4,1,0,0,0,1,1,2,0,0,3,0
825,0,3,0,0,1,0,0,0,1,1,2,1,0,3
826,0,3,0,0,1,0,0,0,1,2,2,1,3,3
827,1,2,0,2,0,0,1,0,1,0,0,0,3,0
828,1,3,0,0,1,0,0,0,1,1,2,1,0,3
829,1,1,0,0,1,0,0,0,0,2,3,3,3,2
830,1,3,1,0,0,1,0,0,0,0,3,0,1,1
831,1,2,1,1,0,0,1,0,1,2,0,0,2,0
832,0,3,0,0,1,0,0,0,1,0,2,1,0,3
833,0,3,0,0,1,0,0,0,1,2,2,1,0,2
834,0,3,0,0,1,0,0,0,1,2,2,1,1,1
835,1,1,1,1,0,0,1,0,0,0,1,2,3,1
836,0,3,0,0,1,0,0,0,1,2,2,1,1,2
837,0,3,0,0,1,0,0,0,1,2,2,1,1,3
838,1,3,0,0,1,0,0,0,1,2,2,1,3,4
839,1,1,0,0,1,0,0,0,1,0,2,1,2,0
840,0,3,0,0,1,0,0,0,1,2,2,1,1,2
841,0,2,0,0,1,0,0,0,1,2,2,0,1,0
842,1,1,0,0,1,0,0,0,0,0,1,1,2,0
843,0,3,0,0,1,0,0,0,1,0,2,2,0,4
844,0,3,0,0,1,0,0,0,1,2,2,1,1,1
845,0,3,0,0,1,0,0,0,1,2,2,2,0,4
846,0,3,8,2,0,0,0,1,1,2,2,1,3,3
847,0,3,0,0,1,0,0,0,1,0,2,2,0,4
848,0,2,0,1,0,1,0,0,1,2,4,1,3,2
849,1,1,1,0,0,1,0,0,0,0,3,1,3,0
850,0,3,4,2,0,0,0,1,1,2,0,0,3,0
851,0,3,0,0,1,0,0,0,1,2,2,4,0,4
852,0,3,1,1,0,0,1,0,0,0,1,0,2,0
853,1,1,0,1,0,1,0,0,0,2,1,0,3,0
854,0,2,1,0,0,1,0,0,0,2,3,2,2,4
855,1,3,0,1,0,1,0,0,0,2,3,1,1,1
856,1,1,1,1,0,0,1,0,0,2,3,2,3,1
857,1,1,0,0,1,0,0,0,1,2,2,3,2,1
858,1,3,0,3,0,0,1,0,0,0,3,1,2,2
859,0,3,0,0,1,0,0,0,1,0,2,1,0,3
860,0,3,2,0,0,0,1,0,1,2,2,2,1,4
861,0,2,1,0,0,1,0,0,1,2,2,1,1,1
862,1,1,0,0,1,0,0,0,0,2,3,2,2,1
863,0,3,8,2,0,0,0,1,0,2,1,1,3,3
864,0,2,0,0,1,0,0,0,1,2,2,1,1,1
865,1,2,0,0,1,0,0,0,0,2,3,2,1,3
866,1,2,1,0,0,1,0,0,0,0,1,1,1,1
867,0,1,0,0,1,0,0,0,1,2,2,1,3,0
868,0,3,0,0,1,0,0,0,1,2,2,1,1,3
869,1,3,1,1,0,0,1,0,1,2,0,0,1,0
870,0,3,0,0,1,0,0,0,1,2,2,1,0,3
871,1,1,1,1,0,0,1,0,0,2,3,2,3,1
872,0,1,0,0,1,0,0,0,1,2,2,2,0,0
873,0,3,0,0,1,0,0,0,1,2,2,2,1,4
874,1,2,1,0,0,1,0,0,0,0,3,1,2,2
875,1,3,0,0,1,0,0,0,0,0,1,0,0,1
876,0,3,0,0,1,0,0,0,1,2,2,1,1,2
877,0,3,0,0,1,0,0,0,1,2,2,1,0,2
878,0,3,0,0,1,0,0,0,1,2,2,1,0,3
879,1,1,0,1,0,1,0,0,0,0,3,3,3,2
880,1,2,0,1,0,1,0,0,0,2,3,1,2,1
881,0,3,0,0,1,0,0,0,1,2,2,2,0,4
882,0,3,0,0,1,0,0,0,0,2,1,1,1,2
883,0,2,0,0,1,0,0,0,1,2,2,1,1,2
884,0,3,0,0,1,0,0,0,1,2,2,1,0,3
885,0,3,0,5,0,0,0,1,0,1,3,2,2,4
886,0,2,0,0,1,0,0,0,1,2,4,1,1,1
887,1,1,0,0,1,0,0,0,0,2,1,1,2,0
888,0,3,1,2,0,0,1,0,0,2,1,1,2,3
889,1,1,0,0,1,0,0,0,1,0,2,1,2,0
890,0,3,0,0,1,0,0,0,1,1,2,1,0,4
