,Survived,Pclass,Age,SibSp,Parch,Fare,Single,SmallF,MedF,LargeF,AClass,Sex_code,Embarked_code,Title_code
0,0,3,22.0,1,0,2.1102132003465894,0,1,0,0,66.0,1,2,2
1,1,1,38.0,1,0,4.2805931204649,0,1,0,0,38.0,0,0,3
2,1,3,26.0,0,0,2.188856327665703,1,0,0,0,78.0,0,2,1
3,1,1,35.0,1,0,3.9908341858524357,0,1,0,0,35.0,0,2,3
4,0,3,35.0,0,0,2.2027647577118348,1,0,0,0,105.0,1,2,2
5,0,3,28.0,0,0,2.246892662898172,1,0,0,0,84.0,1,1,2
6,0,1,54.0,0,0,3.967694202798607,1,0,0,0,54.0,1,2,2
7,0,3,2.0,3,1,3.0944457464900235,0,0,0,1,6.0,1,2,0
8,1,3,27.0,0,2,2.495953738718064,0,0,1,0,81.0,0,2,3
9,1,2,14.0,1,0,3.436268471383741,0,1,0,0,28.0,0,0,3
10,1,3,4.0,1,1,2.8735646395797834,0,0,1,0,12.0,0,2,1
11,1,1,58.0,0,0,3.3160025355989236,1,0,0,0,58.0,0,2,1
12,0,3,20.0,0,0,2.2027647577118348,1,0,0,0,60.0,1,2,2
13,0,3,39.0,1,5,3.4742929367327062,0,0,0,1,117.0,1,2,2
14,0,3,14.0,0,0,2.180891922715322,1,0,0,0,42.0,0,2,1
15,1,2,55.0,0,0,2.833213344056216,1,0,0,0,110.0,0,2,3
16,0,3,2.0,4,1,3.405355391810819,0,0,0,1,6.0,1,1,0
17,1,2,28.0,0,0,2.6390573296152584,1,0,0,0,56.0,1,2,2
18,0,3,31.0,1,0,2.9444389791664403,0,1,0,0,93.0,0,2,3
19,1,3,28.0,0,0,2.1071782966514356,1,0,0,0,84.0,0,0,3
20,0,2,35.0,0,0,3.295836866004329,1,0,0,0,70.0,1,2,2
21,1,2,34.0,0,0,2.6390573296152584,1,0,0,0,68.0,1,2,2
22,1,3,15.0,0,0,2.2004637699272855,1,0,0,0,45.0,0,1,1
23,1,1,28.0,0,0,3.597312260588446,1,0,0,0,28.0,1,2,2
24,0,3,8.0,3,1,3.0944457464900235,0,0,0,1,24.0,0,2,1
25,1,3,38.0,1,5,3.4777725458882283,0,0,0,1,114.0,0,2,3
26,0,3,28.0,0,0,2.1071782966514356,1,0,0,0,84.0,1,0,2
27,0,1,19.0,3,2,5.575949103146316,0,0,0,1,19.0,1,2,2
28,1,3,28.0,0,0,2.1837114628556327,1,0,0,0,84.0,0,1,1
29,0,3,28.0,0,0,2.1855792552411137,1,0,0,0,84.0,1,2,2
30,0,1,40.0,0,0,3.357621598945279,1,0,0,0,40.0,1,0,4
31,1,1,28.0,1,0,4.993969182787072,0,1,0,0,28.0,0,0,3
32,1,3,28.0,0,0,2.169053700369523,1,0,0,0,84.0,0,1,1
33,0,2,66.0,0,0,2.4423470353692043,1,0,0,0,132.0,1,2,2
34,0,1,28.0,1,0,4.420896324687287,0,1,0,0,28.0,1,0,2
35,0,1,42.0,1,0,3.970291913552122,0,1,0,0,42.0,1,2,2
36,1,3,28.0,0,0,2.1076888046179385,1,0,0,0,84.0,1,0,2
37,0,3,21.0,0,0,2.2027647577118348,1,0,0,0,63.0,1,2,2
38,0,3,18.0,2,0,2.9444389791664403,0,0,1,0,54.0,0,2,1
39,1,3,14.0,1,0,2.5048481563289,0,1,0,0,42.0,0,0,1
40,0,3,40.0,1,0,2.348991465808201,0,1,0,0,120.0,0,2,3
41,0,2,27.0,1,0,3.091042453358316,0,1,0,0,54.0,0,2,3
42,0,3,28.0,0,0,2.1855792552411137,1,0,0,0,84.0,1,0,2
43,1,2,3.0,1,2,3.7513658711253766,0,0,1,0,6.0,0,0,1
44,1,3,19.0,0,0,2.1837114628556327,1,0,0,0,57.0,0,1,1
45,0,3,28.0,0,0,2.2027647577118348,1,0,0,0,84.0,1,2,2
46,0,3,28.0,1,0,2.803360380906535,0,1,0,0,84.0,1,1,2
47,1,3,28.0,0,0,2.169053700369523,1,0,0,0,84.0,0,1,1
48,0,3,28.0,2,0,3.1214482048688246,0,0,1,0,84.0,1,0,2
49,0,3,18.0,1,0,2.9338568698359038,0,1,0,0,54.0,0,2,3
50,0,3,7.0,4,1,3.705920919968788,0,0,0,1,21.0,1,2,0
51,0,3,21.0,0,0,2.174751721484161,1,0,0,0,63.0,1,2,2
52,1,1,49.0,1,0,4.353230991152628,0,1,0,0,49.0,0,0,3
53,1,2,29.0,1,0,3.295836866004329,0,1,0,0,58.0,0,2,3
54,0,1,65.0,0,1,4.142804513146981,0,1,0,0,65.0,1,0,2
55,1,1,28.0,0,0,3.597312260588446,1,0,0,0,28.0,1,2,2
56,1,2,21.0,0,0,2.4423470353692043,1,0,0,0,42.0,0,2,1
57,0,3,28.5,0,0,2.1076888046179385,1,0,0,0,85.5,1,0,2
58,1,2,5.0,1,2,3.3586377672433594,0,0,1,0,10.0,0,2,1
59,0,3,11.0,5,2,3.8691155044168695,0,0,0,1,33.0,1,2,0
60,0,3,22.0,0,0,2.1076888046179385,1,0,0,0,66.0,1,0,2
61,1,1,38.0,0,0,4.394449154672439,1,0,0,0,38.0,0,2,1
62,0,1,45.0,1,0,4.436455632600354,0,1,0,0,45.0,1,2,2
63,0,3,4.0,3,2,3.3638415951183864,0,0,0,1,12.0,1,2,0
64,0,1,28.0,0,0,3.357621598945279,1,0,0,0,28.0,1,0,2
65,1,3,28.0,1,1,2.7878344138303452,0,0,1,0,84.0,1,0,0
66,1,2,29.0,0,0,2.4423470353692043,1,0,0,0,58.0,0,2,3
67,0,3,19.0,0,0,2.2146605719425225,1,0,0,0,57.0,1,2,2
68,1,3,17.0,4,2,2.188856327665703,0,0,0,1,51.0,0,2,1
69,0,3,26.0,2,0,2.2682524139135403,0,0,1,0,78.0,1,2,2
70,0,2,32.0,0,0,2.4423470353692043,1,0,0,0,64.0,1,2,2
71,0,3,16.0,5,2,3.8691155044168695,0,0,0,1,48.0,0,2,1
72,0,2,21.0,0,0,4.310799125385514,1,0,0,0,42.0,1,2,2
73,0,3,26.0,1,0,2.737880811060884,0,1,0,0,78.0,1,0,2
74,1,3,32.0,0,0,4.05171190165724,1,0,0,0,96.0,1,2,2
75,0,3,25.0,0,0,2.157559320943788,1,0,0,0,75.0,1,2,2
76,0,3,28.0,0,0,2.1855792552411137,1,0,0,0,84.0,1,2,2
77,0,3,28.0,0,0,2.2027647577118348,1,0,0,0,84.0,1,2,2
78,1,2,0.83,0,2,3.4011973816621555,0,0,1,0,1.66,1,2,0
79,1,3,30.0,0,0,2.600836116795061,1,0,0,0,90.0,0,2,1
80,0,3,22.0,0,0,2.302585092994046,1,0,0,0,66.0,1,2,2
81,1,3,29.0,0,0,2.3513752571634776,1,0,0,0,87.0,1,2,2
82,1,3,28.0,0,0,2.1733302571367834,1,0,0,0,84.0,0,1,1
83,0,1,28.0,0,0,3.8732821771117156,1,0,0,0,28.0,1,2,2
84,1,2,17.0,0,0,2.4423470353692043,1,0,0,0,34.0,0,2,1
85,1,3,33.0,3,0,2.8243506567983707,0,0,1,0,99.0,0,2,3
86,0,3,16.0,1,3,3.5660053559634015,0,0,0,1,48.0,1,2,2
87,0,3,28.0,0,0,2.2027647577118348,1,0,0,0,84.0,1,2,2
88,1,1,23.0,3,2,5.575949103146316,0,0,0,1,23.0,0,2,1
89,0,3,24.0,0,0,2.2027647577118348,1,0,0,0,72.0,1,2,2
90,0,3,29.0,0,0,2.2027647577118348,1,0,0,0,87.0,1,2,2
91,0,3,20.0,0,0,2.180891922715322,1,0,0,0,60.0,1,2,2
92,0,1,46.0,1,0,4.1299529896894684,0,1,0,0,46.0,1,2,2
93,0,3,26.0,1,2,3.0715352369694915,0,0,1,0,78.0,1,2,2
94,0,3,59.0,0,0,2.1102132003465894,1,0,0,0,177.0,1,2,2
95,0,3,28.0,0,0,2.2027647577118348,1,0,0,0,84.0,1,2,2
96,0,1,71.0,0,0,3.57386695198272,1,0,0,0,71.0,1,0,2
97,1,1,23.0,0,1,4.164465907853638,0,1,0,0,23.0,1,0,2
98,1,2,34.0,0,1,3.1780538303479458,0,1,0,0,68.0,0,2,3
99,0,2,34.0,1,0,3.295836866004329,0,1,0,0,68.0,1,2,2
100,0,3,28.0,0,0,2.1855792552411137,1,0,0,0,84.0,0,2,1
101,0,3,28.0,0,0,2.1855792552411137,1,0,0,0,84.0,1,2,2
102,0,1,21.0,0,1,4.360387947851531,0,1,0,0,21.0,1,2,2
103,0,3,33.0,0,0,2.267393053825037,1,0,0,0,99.0,1,2,2
104,0,3,37.0,2,0,2.188856327665703,0,0,1,0,111.0,1,2,2
105,0,3,28.0,0,0,2.1855792552411137,1,0,0,0,84.0,1,2,2
106,1,3,21.0,0,0,2.157559320943788,1,0,0,0,63.0,0,2,1
107,1,3,28.0,0,0,2.1719067693519296,1,0,0,0,84.0,1,2,2
108,0,3,38.0,0,0,2.1855792552411137,1,0,0,0,114.0,1,2,2
109,1,3,28.0,1,0,3.224857896545748,0,1,0,0,84.0,0,1,1
110,0,1,47.0,0,0,3.970291913552122,1,0,0,0,47.0,1,2,2
111,0,3,14.5,1,0,2.737880811060884,0,1,0,0,43.5,0,0,1
112,0,3,22.0,0,0,2.2027647577118348,1,0,0,0,66.0,1,2,2
113,0,3,20.0,1,0,2.3818582738885534,0,1,0,0,60.0,0,2,1
114,0,3,17.0,0,0,2.738146075922933,1,0,0,0,51.0,0,0,1
115,0,3,21.0,0,0,2.188856327665703,1,0,0,0,63.0,1,2,2
116,0,3,70.5,0,0,2.169053700369523,1,0,0,0,211.5,1,1,2
117,0,2,29.0,1,0,3.091042453358316,0,1,0,0,58.0,1,2,2
118,0,1,24.0,0,1,5.515526544247129,0,1,0,0,24.0,1,0,2
119,0,3,2.0,4,2,3.4742929367327062,0,0,0,1,6.0,0,2,1
120,0,2,21.0,2,0,4.310799125385514,0,0,1,0,42.0,1,2,2
121,0,3,28.0,0,0,2.2027647577118348,1,0,0,0,84.0,1,2,2
122,0,2,32.5,1,0,3.436268471383741,0,1,0,0,65.0,1,0,2
123,1,2,32.5,0,0,2.6390573296152584,1,0,0,0,65.0,0,2,1
124,0,1,54.0,0,1,4.360387947851531,0,1,0,0,54.0,1,2,2
125,1,3,12.0,1,0,2.5048481563289,0,1,0,0,36.0,1,0,0
126,0,3,28.0,0,0,2.169053700369523,1,0,0,0,84.0,1,1,2
127,1,3,24.0,0,0,2.0969990034181696,1,0,0,0,72.0,1,2,2
128,1,3,28.0,1,1,3.1509523813392697,0,0,1,0,84.0,0,0,1
129,0,3,45.0,0,0,2.076311648670908,1,0,0,0,135.0,1,2,2
130,0,3,33.0,0,0,2.1855792552411137,1,0,0,0,99.0,1,0,2
131,0,3,20.0,0,0,2.0856720914304723,1,0,0,0,60.0,1,2,2
132,0,3,47.0,1,0,2.740840023925201,0,1,0,0,141.0,0,2,3
133,1,2,29.0,1,0,3.295836866004329,0,1,0,0,58.0,0,2,3
134,0,2,25.0,0,0,2.6390573296152584,1,0,0,0,50.0,1,2,2
135,0,2,23.0,0,0,2.775447133088262,1,0,0,0,46.0,1,0,2
136,1,1,19.0,0,2,3.3062747934011893,0,0,1,0,19.0,0,2,1
137,0,1,37.0,1,0,3.9908341858524357,0,1,0,0,37.0,1,2,2
138,0,3,16.0,0,0,2.3240236363515288,1,0,0,0,48.0,1,2,2
139,0,1,24.0,0,0,4.384523514872469,1,0,0,0,24.0,1,0,2
140,0,3,28.0,0,2,2.7878344138303452,0,0,1,0,84.0,0,0,3
141,1,3,22.0,0,0,2.169053700369523,1,0,0,0,66.0,0,2,1
142,1,3,24.0,1,0,2.8243506567983707,0,1,0,0,72.0,0,2,3
143,0,3,19.0,0,0,2.0476928433652555,1,0,0,0,57.0,1,1,2
144,0,2,18.0,0,0,2.5257286443082556,1,0,0,0,36.0,1,2,2
145,0,2,19.0,1,1,3.6309854756950335,0,0,1,0,38.0,1,2,2
146,1,3,27.0,0,0,2.174274334826008,1,0,0,0,81.0,1,2,2
147,0,3,9.0,2,2,3.5660053559634015,0,0,0,1,27.0,0,2,1
148,0,2,36.5,0,2,3.295836866004329,0,0,1,0,73.0,1,2,2
149,0,2,42.0,0,0,2.6390573296152584,1,0,0,0,84.0,1,2,4
150,0,2,51.0,0,0,2.6045398247325453,1,0,0,0,102.0,1,2,4
151,1,1,22.0,1,0,4.213607983048918,0,1,0,0,22.0,0,2,3
152,0,3,55.5,0,0,2.2027647577118348,1,0,0,0,166.5,1,2,2
153,0,3,40.5,0,2,2.740840023925201,0,0,1,0,121.5,1,2,2
154,0,3,28.0,0,0,2.1177604059819726,1,0,0,0,84.0,1,2,2
155,0,1,51.0,0,1,4.133231886474144,0,1,0,0,51.0,1,0,2
156,1,3,16.0,0,0,2.167143305297764,1,0,0,0,48.0,0,1,1
157,0,3,30.0,0,0,2.2027647577118348,1,0,0,0,90.0,1,2,2
158,0,3,28.0,0,0,2.2682524139135403,1,0,0,0,84.0,1,2,2
159,0,3,28.0,8,2,4.256321678298823,0,0,0,1,84.0,1,2,0
160,0,3,44.0,0,1,2.8390784635086144,0,1,0,0,132.0,1,2,2
161,1,2,40.0,0,0,2.8183982582710754,1,0,0,0,80.0,0,2,3
162,0,3,26.0,0,0,2.1719067693519296,1,0,0,0,78.0,1,2,2
163,0,3,17.0,0,0,2.2682524139135403,1,0,0,0,51.0,1,2,2
164,0,3,1.0,4,1,3.705920919968788,0,0,0,1,3.0,1,2,0
165,1,3,9.0,0,2,3.0692150503137943,0,0,1,0,27.0,1,2,0
166,1,1,28.0,0,1,4.02535169073515,0,1,0,0,28.0,0,2,3
167,0,3,45.0,1,4,3.3638415951183864,0,0,0,1,135.0,0,2,3
168,0,1,28.0,0,0,3.2930552230424524,1,0,0,0,28.0,1,2,2
169,0,3,28.0,0,0,4.05171190165724,1,0,0,0,84.0,1,2,2
170,0,1,61.0,0,0,3.5409593240373143,1,0,0,0,61.0,1,2,2
171,0,3,4.0,4,1,3.405355391810819,0,0,0,1,12.0,1,1,0
172,1,3,1.0,1,1,2.495953738718064,0,0,1,0,3.0,0,2,1
173,0,3,21.0,0,0,2.188856327665703,1,0,0,0,63.0,1,2,2
174,0,1,56.0,0,0,3.4561841799918147,1,0,0,0,56.0,1,0,2
175,0,3,18.0,1,1,2.180891922715322,0,0,1,0,54.0,1,2,2
176,0,3,28.0,3,1,3.275887339030031,0,0,0,1,84.0,1,2,0
177,0,1,50.0,0,0,3.391567832686312,1,0,0,0,50.0,0,0,1
178,0,2,30.0,0,0,2.6390573296152584,1,0,0,0,60.0,1,2,2
179,0,3,36.0,0,0,0.0,1,0,0,0,108.0,1,2,2
180,0,3,28.0,8,2,4.256321678298823,0,0,0,1,84.0,0,2,1
181,0,2,28.0,0,0,2.775708849576025,1,0,0,0,56.0,1,0,2
182,0,3,9.0,4,2,3.4777725458882283,0,0,0,1,27.0,1,2,0
183,1,2,1.0,2,1,3.6888794541139363,0,0,1,0,2.0,1,2,0
184,1,3,4.0,0,2,3.1365805821413706,0,0,1,0,12.0,0,2,1
185,0,1,28.0,0,0,3.9318256327243257,1,0,0,0,28.0,1,2,2
186,1,3,28.0,1,0,2.803360380906535,0,1,0,0,84.0,0,1,3
187,1,1,45.0,0,0,3.3160025355989236,1,0,0,0,45.0,1,2,2
188,0,3,40.0,1,1,2.803360380906535,0,0,1,0,120.0,1,1,2
189,0,3,36.0,0,0,2.1855792552411137,1,0,0,0,108.0,1,2,2
190,1,2,32.0,0,0,2.6390573296152584,1,0,0,0,64.0,0,2,3
191,0,2,19.0,0,0,2.6390573296152584,1,0,0,0,38.0,1,2,2
192,1,3,19.0,1,0,2.180891922715322,0,1,0,0,57.0,0,2,1
193,1,2,3.0,1,1,3.295836866004329,0,0,1,0,6.0,1,2,0
194,1,1,44.0,0,0,3.357621598945279,1,0,0,0,44.0,0,0,3
195,1,1,58.0,0,0,4.993969182787072,1,0,0,0,58.0,0,0,1
196,0,3,28.0,0,0,2.169053700369523,1,0,0,0,84.0,1,1,2
197,0,3,42.0,0,1,2.2411563979973974,0,1,0,0,126.0,1,2,2
198,1,3,28.0,0,0,2.169053700369523,1,0,0,0,84.0,0,1,1
199,0,2,24.0,0,0,2.6390573296152584,1,0,0,0,48.0,0,2,1
200,0,3,28.0,0,0,2.3513752571634776,1,0,0,0,84.0,1,2,2
201,0,3,28.0,8,2,4.256321678298823,0,0,0,1,84.0,1,2,2
202,0,3,34.0,0,0,2.0143428636837015,1,0,0,0,102.0,1,2,2
203,0,3,45.5,0,0,2.1071782966514356,1,0,0,0,136.5,1,0,2
204,1,3,18.0,0,0,2.2027647577118348,1,0,0,0,54.0,1,2,2
205,0,3,2.0,0,1,2.4390808375825834,0,1,0,0,6.0,0,2,1
206,0,3,32.0,1,0,2.8243506567983707,0,1,0,0,96.0,1,2,2
207,1,3,26.0,0,0,2.9850504252071306,1,0,0,0,78.0,1,0,2
208,1,3,16.0,0,0,2.169053700369523,1,0,0,0,48.0,0,1,1
209,1,1,40.0,0,0,3.4657359027997265,1,0,0,0,40.0,1,0,2
210,0,3,24.0,0,0,2.0856720914304723,1,0,0,0,72.0,1,2,2
211,1,2,35.0,0,0,3.091042453358316,1,0,0,0,70.0,0,2,1
212,0,3,22.0,0,0,2.1102132003465894,1,0,0,0,66.0,1,2,2
213,0,2,30.0,0,0,2.6390573296152584,1,0,0,0,60.0,1,2,2
214,0,3,28.0,1,0,2.169053700369523,0,1,0,0,84.0,1,1,2
215,1,1,31.0,1,0,4.738607824217808,0,1,0,0,31.0,0,0,1
216,1,3,27.0,0,0,2.188856327665703,1,0,0,0,81.0,0,2,1
217,0,2,42.0,1,0,3.332204510175204,0,1,0,0,84.0,1,2,2
218,1,1,32.0,0,0,4.347586575960343,1,0,0,0,32.0,0,0,1
219,0,2,30.0,0,0,2.4423470353692043,1,0,0,0,60.0,1,2,2
220,1,3,16.0,0,0,2.2027647577118348,1,0,0,0,48.0,1,2,2
221,0,2,27.0,0,0,2.6390573296152584,1,0,0,0,54.0,1,2,2
222,0,3,51.0,0,0,2.2027647577118348,1,0,0,0,153.0,1,2,2
223,0,3,28.0,0,0,2.1855792552411137,1,0,0,0,84.0,1,2,2
224,1,1,38.0,1,0,4.51085950651685,0,1,0,0,38.0,1,2,2
225,0,3,22.0,0,0,2.336986519711378,1,0,0,0,66.0,1,2,2
226,1,2,19.0,0,0,2.4423470353692043,1,0,0,0,38.0,1,2,2
227,0,3,20.5,0,0,2.1102132003465894,1,0,0,0,61.5,1,2,2
228,0,2,18.0,0,0,2.6390573296152584,1,0,0,0,36.0,1,2,2
229,0,3,28.0,3,1,3.275887339030031,0,0,0,1,84.0,0,2,1
230,1,1,35.0,1,0,4.436455632600354,0,1,0,0,35.0,0,2,3
231,0,3,29.0,0,0,2.1719067693519296,1,0,0,0,87.0,1,2,2
232,0,2,59.0,0,0,2.6741486494265287,1,0,0,0,118.0,1,2,2
233,1,3,5.0,4,2,3.4777725458882283,0,0,0,1,15.0,0,2,1
234,0,2,24.0,0,0,2.4423470353692043,1,0,0,0,48.0,1,2,2
235,0,3,28.0,0,0,2.145931282948669,1,0,0,0,84.0,0,2,1
236,0,2,44.0,1,0,3.295836866004329,0,1,0,0,88.0,1,2,2
237,1,2,8.0,0,2,3.305053521109253,0,0,1,0,16.0,0,2,1
238,0,2,19.0,0,0,2.4423470353692043,1,0,0,0,38.0,1,2,2
239,0,2,33.0,0,0,2.5858825671280026,1,0,0,0,66.0,1,2,2
240,0,3,28.0,1,0,2.737880811060884,0,1,0,0,84.0,0,0,1
241,1,3,28.0,1,0,2.803360380906535,0,1,0,0,84.0,0,1,1
242,0,2,29.0,0,0,2.4423470353692043,1,0,0,0,58.0,1,2,2
243,0,3,22.0,0,0,2.094945728215801,1,0,0,0,66.0,1,2,2
244,0,3,30.0,0,0,2.1071782966514356,1,0,0,0,90.0,1,0,2
245,0,1,44.0,2,0,4.51085950651685,0,0,1,0,44.0,1,1,4
246,0,3,25.0,0,0,2.1719067693519296,1,0,0,0,75.0,0,2,1
247,1,2,24.0,0,2,2.740840023925201,0,0,1,0,48.0,0,2,3
248,1,1,37.0,1,1,3.9806942251907276,0,0,1,0,37.0,1,2,2
249,0,2,54.0,1,0,3.295836866004329,0,1,0,0,108.0,1,2,4
250,0,3,28.0,0,0,2.1102132003465894,1,0,0,0,84.0,1,2,2
251,0,3,29.0,1,1,2.4390808375825834,0,0,1,0,87.0,0,2,3
252,0,1,62.0,0,0,3.3160025355989236,1,0,0,0,62.0,1,2,2
253,0,3,30.0,1,0,2.8390784635086144,0,1,0,0,90.0,1,2,2
254,0,3,41.0,0,2,3.0545906305603445,0,0,1,0,123.0,0,2,3
255,1,3,29.0,0,2,2.7878344138303452,0,0,1,0,87.0,0,0,3
256,1,1,28.0,0,0,4.384523514872469,1,0,0,0,28.0,0,0,3
257,1,1,30.0,0,0,4.471638793363569,1,0,0,0,30.0,0,2,1
258,1,1,35.0,0,0,6.240917354759096,1,0,0,0,35.0,0,0,1
259,1,2,50.0,0,1,3.295836866004329,0,1,0,0,100.0,0,2,3
260,0,3,28.0,0,0,2.169053700369523,1,0,0,0,84.0,1,1,2
261,1,3,3.0,4,2,3.4777725458882283,0,0,0,1,9.0,1,2,0
262,0,1,52.0,1,1,4.390118804571218,0,0,1,0,52.0,1,2,2
263,0,1,40.0,0,0,0.0,1,0,0,0,40.0,1,2,2
264,0,3,28.0,0,0,2.169053700369523,1,0,0,0,84.0,0,1,1
265,0,2,36.0,0,0,2.4423470353692043,1,0,0,0,72.0,1,2,2
266,0,3,16.0,4,1,3.705920919968788,0,0,0,1,48.0,1,2,2
267,1,3,25.0,1,0,2.1719067693519296,0,1,0,0,75.0,1,2,2
268,1,1,58.0,0,1,5.039951348430309,0,1,0,0,58.0,0,2,3
269,1,1,35.0,0,0,4.91730069488021,1,0,0,0,35.0,0,2,1
270,0,1,28.0,0,0,3.4657359027997265,1,0,0,0,28.0,1,2,2
271,1,3,25.0,0,0,0.0,1,0,0,0,75.0,1,2,2
272,1,2,41.0,0,1,3.0204248861443626,0,1,0,0,82.0,0,2,3
273,0,1,37.0,0,1,3.4242626545931514,0,1,0,0,37.0,1,0,2
274,1,3,28.0,0,0,2.169053700369523,1,0,0,0,84.0,0,1,1
275,1,1,63.0,1,0,4.368919865004903,0,1,0,0,63.0,0,2,1
276,0,3,45.0,0,0,2.169053700369523,1,0,0,0,135.0,0,2,1
277,0,2,28.0,0,0,0.0,1,0,0,0,56.0,1,2,2
278,0,3,7.0,4,1,3.405355391810819,0,0,0,1,21.0,1,1,0
279,1,3,35.0,1,1,3.056356895370426,0,0,1,0,105.0,0,2,3
280,0,3,65.0,0,0,2.169053700369523,1,0,0,0,195.0,1,1,2
281,0,3,28.0,0,0,2.180891922715322,1,0,0,0,84.0,1,2,2
282,0,3,16.0,0,0,2.3513752571634776,1,0,0,0,48.0,1,2,2
283,1,3,19.0,0,0,2.2027647577118348,1,0,0,0,57.0,1,2,2
284,0,1,28.0,0,0,3.295836866004329,1,0,0,0,28.0,1,2,2
285,0,3,33.0,0,0,2.2682524139135403,1,0,0,0,99.0,1,0,2
286,1,3,30.0,0,0,2.3513752571634776,1,0,0,0,90.0,1,2,2
287,0,3,22.0,0,0,2.1855792552411137,1,0,0,0,66.0,1,2,2
288,1,2,42.0,0,0,2.6390573296152584,1,0,0,0,84.0,1,2,2
289,1,3,22.0,0,0,2.169053700369523,1,0,0,0,66.0,0,1,1
290,1,1,26.0,0,0,4.380149874661021,1,0,0,0,26.0,0,2,1
291,1,1,19.0,1,0,4.5226490762785785,0,1,0,0,19.0,0,0,3
292,0,2,36.0,0,0,2.630088659632498,1,0,0,0,72.0,1,0,2
293,0,3,24.0,0,0,2.2874714551839976,1,0,0,0,72.0,0,2,1
294,0,3,24.0,0,0,2.1855792552411137,1,0,0,0,72.0,1,2,2
295,0,1,28.0,0,0,3.357621598945279,1,0,0,0,28.0,1,0,2
296,0,3,23.5,0,0,2.1076888046179385,1,0,0,0,70.5,1,0,2
297,0,1,2.0,1,2,5.027492411162679,0,0,1,0,2.0,0,2,1
298,1,1,28.0,0,0,3.449987545831587,1,0,0,0,28.0,1,2,2
299,1,1,50.0,0,1,5.515526544247129,0,1,0,0,50.0,0,0,3
300,1,3,28.0,0,0,2.169053700369523,1,0,0,0,84.0,0,1,1
301,1,3,28.0,2,0,3.188416617383492,0,0,1,0,84.0,1,1,2
302,0,3,19.0,0,0,0.0,1,0,0,0,57.0,1,2,2
303,1,2,28.0,0,0,2.5915163848462583,1,0,0,0,56.0,0,1,1
304,0,3,28.0,0,0,2.2027647577118348,1,0,0,0,84.0,1,2,2
305,1,1,0.92,1,2,5.027492411162679,0,0,1,0,0.92,1,2,0
306,1,1,28.0,0,0,4.717456363787216,1,0,0,0,28.0,0,0,1
307,1,1,17.0,1,0,4.699570861409576,0,1,0,0,17.0,0,0,3
308,0,2,30.0,1,0,3.2188758248682006,0,1,0,0,60.0,1,0,2
309,1,1,30.0,0,0,4.0592215752427645,1,0,0,0,30.0,0,0,1
310,1,1,24.0,0,0,4.432699549165613,1,0,0,0,24.0,0,0,1
311,1,1,18.0,2,2,5.5735788721243535,0,0,0,1,18.0,0,0,1
312,0,2,26.0,1,1,3.295836866004329,0,0,1,0,52.0,0,2,3
313,0,3,28.0,0,0,2.1855792552411137,1,0,0,0,84.0,1,2,2
314,0,2,43.0,1,1,3.305053521109253,0,0,1,0,86.0,1,2,2
315,1,3,26.0,0,0,2.180891922715322,1,0,0,0,78.0,0,2,1
316,1,2,24.0,1,0,3.295836866004329,0,1,0,0,48.0,0,2,3
317,0,2,54.0,0,0,2.70805020110221,1,0,0,0,108.0,1,2,4
318,1,1,31.0,0,2,5.11118445372147,0,0,1,0,31.0,0,2,1
319,1,1,40.0,1,1,4.908971640319756,0,0,1,0,40.0,0,0,3
320,0,3,22.0,0,0,2.1102132003465894,1,0,0,0,66.0,1,2,2
321,0,3,27.0,0,0,2.1855792552411137,1,0,0,0,81.0,1,2,2
322,1,2,30.0,0,0,2.5915163848462583,1,0,0,0,60.0,0,1,1
323,1,2,22.0,1,1,3.4011973816621555,0,0,1,0,44.0,0,2,3
324,0,3,28.0,8,2,4.256321678298823,0,0,0,1,84.0,1,2,2
325,1,1,36.0,0,0,4.91730069488021,1,0,0,0,36.0,0,0,1
326,0,3,61.0,0,0,1.9792758428991135,1,0,0,0,183.0,1,2,2
327,1,2,36.0,0,0,2.6390573296152584,1,0,0,0,72.0,0,2,3
328,1,3,31.0,1,1,3.0692150503137943,0,0,1,0,93.0,0,2,3
329,1,1,16.0,0,1,4.077184839375167,0,1,0,0,16.0,0,0,1
330,1,3,28.0,2,0,3.188416617383492,0,0,1,0,84.0,0,1,1
331,0,1,45.5,0,0,3.3843902633457743,1,0,0,0,45.5,1,2,2
332,0,1,38.0,0,1,5.039951348430309,0,1,0,0,38.0,1,2,2
333,0,3,16.0,2,0,2.9444389791664403,0,0,1,0,48.0,1,2,2
334,1,1,28.0,1,0,4.902678819257608,0,1,0,0,28.0,0,2,3
335,0,3,28.0,0,0,2.1855792552411137,1,0,0,0,84.0,1,2,2
336,0,1,29.0,1,0,4.213607983048918,0,1,0,0,29.0,1,2,2
337,1,1,41.0,0,0,4.908971640319756,1,0,0,0,41.0,0,0,1
338,1,3,45.0,0,0,2.2027647577118348,1,0,0,0,135.0,1,2,2
339,0,1,45.0,0,0,3.597312260588446,1,0,0,0,45.0,1,2,2
340,1,2,2.0,1,1,3.295836866004329,0,0,1,0,4.0,1,2,0
341,1,1,24.0,3,2,5.575949103146316,0,0,0,1,24.0,0,2,1
342,0,2,28.0,0,0,2.6390573296152584,1,0,0,0,56.0,1,2,2
343,0,2,25.0,0,0,2.6390573296152584,1,0,0,0,50.0,1,2,2
344,0,2,36.0,0,0,2.6390573296152584,1,0,0,0,72.0,1,2,2
345,1,2,24.0,0,0,2.6390573296152584,1,0,0,0,48.0,0,2,1
346,1,2,40.0,0,0,2.6390573296152584,1,0,0,0,80.0,0,2,1
347,1,3,28.0,1,0,2.8390784635086144,0,1,0,0,84.0,0,2,3
348,1,3,3.0,1,1,2.8273136219290276,0,0,1,0,9.0,1,2,0
349,0,3,42.0,0,0,2.2682524139135403,1,0,0,0,126.0,1,2,2
350,0,3,23.0,0,0,2.3248357019288655,1,0,0,0,69.0,1,2,2
351,0,1,28.0,0,0,3.58351893845611,1,0,0,0,28.0,1,2,2
352,0,3,15.0,1,1,2.1076888046179385,0,0,1,0,45.0,1,0,2
353,0,3,25.0,1,0,2.9338568698359038,0,1,0,0,75.0,1,2,2
354,0,3,28.0,0,0,2.1071782966514356,1,0,0,0,84.0,1,0,2
355,0,3,28.0,0,0,2.3513752571634776,1,0,0,0,84.0,1,2,2
356,1,1,22.0,0,1,4.02535169073515,0,1,0,0,22.0,0,2,1
357,0,2,38.0,0,0,2.6390573296152584,1,0,0,0,76.0,0,2,1
358,1,3,28.0,0,0,2.1837114628556327,1,0,0,0,84.0,0,1,1
359,1,3,28.0,0,0,2.1837114628556327,1,0,0,0,84.0,0,1,1
360,0,3,40.0,1,4,3.3638415951183864,0,0,0,1,120.0,1,2,2
361,0,2,29.0,1,0,3.357621598945279,0,1,0,0,58.0,1,0,2
362,0,3,45.0,0,1,2.737880811060884,0,1,0,0,135.0,0,0,3
363,0,3,35.0,0,0,2.0856720914304723,1,0,0,0,105.0,1,2,2
364,0,3,28.0,1,0,2.803360380906535,0,1,0,0,84.0,1,1,2
365,0,3,30.0,0,0,2.1102132003465894,1,0,0,0,90.0,1,2,2
366,1,1,60.0,1,0,4.334017415487521,0,1,0,0,60.0,0,0,3
367,1,3,28.0,0,0,2.1076888046179385,1,0,0,0,84.0,0,0,3
368,1,3,28.0,0,0,2.169053700369523,1,0,0,0,84.0,0,1,1
369,1,1,24.0,0,0,4.252771798816619,1,0,0,0,24.0,0,0,3
370,1,1,25.0,1,0,4.0332082470129285,0,1,0,0,25.0,1,0,2
371,0,3,18.0,1,0,2.0143428636837015,0,1,0,0,54.0,1,2,2
372,0,3,19.0,0,0,2.2027647577118348,1,0,0,0,57.0,1,2,2
373,0,1,22.0,0,0,4.91730069488021,1,0,0,0,22.0,1,0,2
374,0,3,3.0,3,1,3.0944457464900235,0,0,0,1,9.0,0,2,1
375,1,1,28.0,1,0,4.420896324687287,0,1,0,0,28.0,0,0,3
376,1,3,22.0,0,0,2.1102132003465894,1,0,0,0,66.0,0,2,1
377,0,1,27.0,0,2,5.358941988364472,0,0,1,0,27.0,1,0,2
378,0,3,20.0,0,0,1.6119347926326877,1,0,0,0,60.0,1,0,2
379,0,3,19.0,0,0,2.1719067693519296,1,0,0,0,57.0,1,2,2
380,1,1,42.0,0,0,5.4316456135398825,1,0,0,0,42.0,0,0,1
381,1,3,1.0,0,2,2.817902613071225,0,0,1,0,3.0,0,0,1
382,0,3,32.0,0,0,2.188856327665703,1,0,0,0,96.0,1,2,2
383,1,1,35.0,1,0,3.970291913552122,0,1,0,0,35.0,0,2,3
384,0,3,28.0,0,0,2.1855792552411137,1,0,0,0,84.0,1,2,2
385,0,2,18.0,0,0,4.310799125385514,1,0,0,0,36.0,1,2,2
386,0,3,1.0,5,2,3.8691155044168695,0,0,0,1,3.0,1,2,0
387,1,2,36.0,0,0,2.6390573296152584,1,0,0,0,72.0,0,2,1
388,0,3,28.0,0,0,2.1666737276227077,1,0,0,0,84.0,1,1,2
389,1,2,17.0,0,0,2.5649493574615367,1,0,0,0,34.0,0,0,1
390,1,1,36.0,1,2,4.795790545596741,0,0,1,0,36.0,1,2,2
391,1,3,21.0,0,0,2.174274334826008,1,0,0,0,63.0,1,2,2
392,0,3,28.0,2,0,2.188856327665703,0,0,1,0,84.0,1,2,2
393,1,1,23.0,1,0,4.738607824217808,0,1,0,0,23.0,0,0,1
394,1,3,24.0,0,2,2.8735646395797834,0,0,1,0,72.0,0,2,3
395,0,3,22.0,0,0,2.174274334826008,1,0,0,0,66.0,1,2,2
396,0,3,31.0,0,0,2.180891922715322,1,0,0,0,93.0,0,2,1
397,0,2,46.0,0,0,3.295836866004329,1,0,0,0,92.0,1,2,2
398,0,2,23.0,0,0,2.4423470353692043,1,0,0,0,46.0,1,2,4
399,1,2,28.0,0,0,2.613739521630969,1,0,0,0,56.0,0,2,3
400,1,3,39.0,0,0,2.188856327665703,1,0,0,0,117.0,1,2,2
401,0,3,26.0,0,0,2.2027647577118348,1,0,0,0,78.0,1,2,2
402,0,3,21.0,1,0,2.3818582738885534,0,1,0,0,63.0,0,2,1
403,0,3,28.0,1,0,2.8243506567983707,0,1,0,0,84.0,1,2,2
404,0,3,20.0,0,0,2.2682524139135403,1,0,0,0,60.0,0,2,1
405,0,2,34.0,1,0,3.091042453358316,0,1,0,0,68.0,1,2,2
406,0,3,51.0,0,0,2.169053700369523,1,0,0,0,153.0,1,2,2
407,1,2,3.0,1,1,2.9831534913471307,0,0,1,0,6.0,1,2,0
408,0,3,21.0,0,0,2.1719067693519296,1,0,0,0,63.0,1,2,2
409,0,3,28.0,3,1,3.275887339030031,0,0,0,1,84.0,0,2,1
410,0,3,28.0,0,0,2.1855792552411137,1,0,0,0,84.0,1,2,2
411,0,3,28.0,0,0,2.061570298060867,1,0,0,0,84.0,1,1,2
412,1,1,33.0,1,0,4.51085950651685,0,1,0,0,33.0,0,1,1
413,0,2,28.0,0,0,0.0,1,0,0,0,56.0,1,2,2
414,1,3,44.0,0,0,2.188856327665703,1,0,0,0,132.0,1,2,2
415,0,3,28.0,0,0,2.2027647577118348,1,0,0,0,84.0,0,2,3
416,1,2,34.0,1,1,3.5115454388310208,0,0,1,0,68.0,0,2,3
417,1,2,18.0,0,2,2.6390573296152584,0,0,1,0,36.0,0,2,1
418,0,2,30.0,0,0,2.6390573296152584,1,0,0,0,60.0,1,2,2
419,0,3,10.0,0,2,3.224857896545748,0,0,1,0,30.0,0,2,1
420,0,3,28.0,0,0,2.1855792552411137,1,0,0,0,84.0,1,0,2
421,0,3,21.0,0,0,2.167143305297764,1,0,0,0,63.0,1,1,2
422,0,3,29.0,0,0,2.1832383353614797,1,0,0,0,87.0,1,2,2
423,0,3,28.0,1,1,2.7343675094195836,0,0,1,0,84.0,0,2,3
424,0,3,18.0,1,1,3.0545906305603445,0,0,1,0,54.0,1,2,2
425,0,3,28.0,0,0,2.1102132003465894,1,0,0,0,84.0,1,2,2
426,1,2,28.0,1,0,3.295836866004329,0,1,0,0,56.0,0,2,3
427,1,2,19.0,0,0,3.295836866004329,1,0,0,0,38.0,0,2,1
428,0,3,28.0,0,0,2.169053700369523,1,0,0,0,84.0,1,1,2
429,1,3,32.0,0,0,2.2027647577118348,1,0,0,0,96.0,1,2,2
430,1,1,28.0,0,0,3.3160025355989236,1,0,0,0,28.0,1,2,2
431,1,3,28.0,1,0,2.8390784635086144,0,1,0,0,84.0,0,2,3
432,1,2,42.0,1,0,3.295836866004329,0,1,0,0,84.0,0,2,3
433,0,3,17.0,0,0,2.094945728215801,1,0,0,0,51.0,1,2,2
434,0,1,50.0,1,0,4.041295341132285,0,1,0,0,50.0,1,2,2
435,1,1,14.0,1,2,4.795790545596741,0,0,1,0,14.0,0,2,1
436,0,3,21.0,2,2,3.5660053559634015,0,0,0,1,63.0,0,2,1
437,1,2,24.0,2,3,2.9831534913471307,0,0,0,1,48.0,0,2,3
438,0,1,64.0,1,4,5.575949103146316,0,0,0,1,64.0,1,2,2
439,0,2,31.0,0,0,2.4423470353692043,1,0,0,0,62.0,1,2,2
440,1,2,45.0,1,1,3.305053521109253,0,0,1,0,90.0,0,2,3
441,0,3,20.0,0,0,2.3513752571634776,1,0,0,0,60.0,1,2,2
442,0,3,25.0,1,0,2.1719067693519296,0,1,0,0,75.0,1,2,2
443,1,2,28.0,0,0,2.6390573296152584,1,0,0,0,56.0,0,2,1
444,1,3,28.0,0,0,2.2096470973347766,1,0,0,0,84.0,1,2,2
445,1,1,4.0,0,2,4.417131919904876,0,0,1,0,4.0,1,2,0
446,1,2,13.0,0,1,3.0204248861443626,0,1,0,0,26.0,0,2,1
447,1,1,34.0,0,0,3.3160025355989236,1,0,0,0,34.0,1,2,2
448,1,3,5.0,2,1,3.0085645861193133,0,0,1,0,15.0,0,0,1
449,1,1,52.0,0,0,3.449987545831587,1,0,0,0,52.0,1,2,4
450,0,2,36.0,1,2,3.3586377672433594,0,0,1,0,72.0,1,2,2
451,0,3,28.0,1,0,3.0429354648621407,0,1,0,0,84.0,1,2,2
452,0,1,30.0,0,0,3.3586377672433594,1,0,0,0,30.0,1,0,2
453,1,1,49.0,1,0,4.500966778400217,0,1,0,0,49.0,1,0,2
454,0,3,28.0,0,0,2.2027647577118348,1,0,0,0,84.0,1,2,2
455,1,3,29.0,0,0,2.1855792552411137,1,0,0,0,87.0,1,0,2
456,0,1,65.0,0,0,3.3160025355989236,1,0,0,0,65.0,1,2,2
457,1,1,28.0,1,0,3.967694202798607,0,1,0,0,28.0,0,2,3
458,1,2,50.0,0,0,2.4423470353692043,1,0,0,0,100.0,0,2,1
459,0,3,28.0,0,0,2.169053700369523,1,0,0,0,84.0,1,1,2
460,1,1,48.0,0,0,3.3160025355989236,1,0,0,0,48.0,1,2,2
461,0,3,34.0,0,0,2.2027647577118348,1,0,0,0,102.0,1,2,2
462,0,1,47.0,0,0,3.676300671907076,1,0,0,0,47.0,1,2,2
463,0,2,48.0,0,0,2.6390573296152584,1,0,0,0,96.0,1,2,2
464,0,3,28.0,0,0,2.2027647577118348,1,0,0,0,84.0,1,2,2
465,0,3,38.0,0,0,2.0856720914304723,1,0,0,0,114.0,1,2,2
466,0,2,28.0,0,0,0.0,1,0,0,0,56.0,1,2,2
467,0,1,56.0,0,0,3.3160025355989236,1,0,0,0,56.0,1,2,2
468,0,3,28.0,0,0,2.1661924680884908,1,0,0,0,84.0,1,1,2
469,1,3,0.75,2,1,3.0085645861193133,0,0,1,0,2.25,0,0,1
470,0,3,28.0,0,0,2.1102132003465894,1,0,0,0,84.0,1,2,2
471,0,3,38.0,0,0,2.2682524139135403,1,0,0,0,114.0,1,2,2
472,1,2,33.0,1,2,3.3586377672433594,0,0,1,0,66.0,0,2,3
473,1,2,23.0,0,0,2.694066212646058,1,0,0,0,46.0,0,0,3
474,0,3,22.0,0,0,2.3830123421066602,1,0,0,0,66.0,0,2,1
475,0,1,28.0,0,0,3.970291913552122,1,0,0,0,28.0,1,2,2
476,0,2,34.0,1,0,3.091042453358316,0,1,0,0,68.0,1,2,2
477,0,3,29.0,1,0,2.0851502161468174,0,1,0,0,87.0,1,2,2
478,0,3,22.0,0,0,2.142510233146819,1,0,0,0,66.0,1,2,2
479,1,3,2.0,0,1,2.586823743668066,0,1,0,0,6.0,0,2,1
480,0,3,9.0,5,2,3.8691155044168695,0,0,0,1,27.0,1,2,0
481,0,2,28.0,0,0,0.0,1,0,0,0,56.0,1,2,2
482,0,3,50.0,0,0,2.2027647577118348,1,0,0,0,150.0,1,2,2
483,1,3,63.0,0,0,2.3596740599781727,1,0,0,0,189.0,0,2,3
484,1,1,25.0,1,0,4.5226490762785785,0,1,0,0,25.0,1,0,2
485,0,3,28.0,3,1,3.275887339030031,0,0,0,1,84.0,0,2,1
486,1,1,35.0,1,0,4.51085950651685,0,1,0,0,35.0,0,2,3
487,0,1,58.0,0,0,3.4242626545931514,1,0,0,0,58.0,1,0,2
488,0,3,30.0,0,0,2.2027647577118348,1,0,0,0,90.0,1,2,2
489,1,3,9.0,1,1,2.8273136219290276,0,0,1,0,27.0,1,2,0
490,0,3,28.0,1,0,3.0429354648621407,0,1,0,0,84.0,1,2,2
491,0,3,21.0,0,0,2.1102132003465894,1,0,0,0,63.0,1,2,2
492,0,1,55.0,0,0,3.449987545831587,1,0,0,0,55.0,1,2,2
493,0,1,71.0,0,0,3.922056501139853,1,0,0,0,71.0,1,0,2
494,0,3,21.0,0,0,2.2027647577118348,1,0,0,0,63.0,1,2,2
495,0,3,28.0,0,0,2.738146075922933,1,0,0,0,84.0,1,0,2
496,1,1,54.0,1,0,4.37281811610993,0,1,0,0,54.0,0,0,1
497,0,3,28.0,0,0,2.7788192719904172,1,0,0,0,84.0,1,2,2
498,0,1,25.0,1,2,5.027492411162679,0,0,1,0,25.0,0,2,3
499,0,3,24.0,0,0,2.174274334826008,1,0,0,0,72.0,1,2,2
500,0,3,17.0,0,0,2.2682524139135403,1,0,0,0,51.0,1,2,2
501,0,3,21.0,0,0,2.169053700369523,1,0,0,0,63.0,0,1,1
502,0,3,28.0,0,0,2.155151800914312,1,0,0,0,84.0,0,1,1
503,0,3,37.0,0,0,2.3596740599781727,1,0,0,0,111.0,0,2,1
504,1,1,16.0,0,0,4.471638793363569,1,0,0,0,16.0,0,2,1
505,0,1,18.0,1,0,4.699570861409576,0,1,0,0,18.0,1,0,2
506,1,2,33.0,0,2,3.295836866004329,0,0,1,0,66.0,0,2,3
507,1,1,28.0,0,0,3.3160025355989236,1,0,0,0,28.0,1,2,2
508,0,3,28.0,0,0,3.1580636854714434,1,0,0,0,84.0,1,2,2
509,1,3,26.0,0,0,4.05171190165724,1,0,0,0,78.0,1,2,2
510,1,3,29.0,0,0,2.169053700369523,1,0,0,0,87.0,1,1,2
511,0,3,28.0,0,0,2.2027647577118348,1,0,0,0,84.0,1,2,2
512,1,1,36.0,0,0,3.3064287218760624,1,0,0,0,36.0,1,2,2
513,1,1,54.0,1,0,4.100989104940769,0,1,0,0,54.0,0,0,3
514,0,3,24.0,0,0,2.139571923732859,1,0,0,0,72.0,1,2,2
515,0,1,47.0,0,0,3.5559421706858756,1,0,0,0,47.0,1,2,2
516,1,2,34.0,0,0,2.4423470353692043,1,0,0,0,68.0,0,2,3
517,0,3,28.0,0,0,3.224857896545748,1,0,0,0,84.0,1,1,2
518,1,2,36.0,1,0,3.295836866004329,0,1,0,0,72.0,0,2,3
519,0,3,32.0,0,0,2.1855792552411137,1,0,0,0,96.0,1,2,2
520,1,1,30.0,0,0,4.548599834499697,1,0,0,0,30.0,0,2,1
521,0,3,22.0,0,0,2.1855792552411137,1,0,0,0,66.0,1,2,2
522,0,3,28.0,0,0,2.1071782966514356,1,0,0,0,84.0,1,0,2
523,1,1,44.0,0,1,4.077184839375167,0,1,0,0,44.0,0,0,3
524,0,3,28.0,0,0,2.1076888046179385,1,0,0,0,84.0,1,0,2
525,0,3,40.5,0,0,2.169053700369523,1,0,0,0,121.5,1,1,2
526,1,2,50.0,0,0,2.4423470353692043,1,0,0,0,100.0,0,2,1
527,0,1,28.0,0,0,5.406181146423973,1,0,0,0,28.0,1,2,2
528,0,3,39.0,0,0,2.188856327665703,1,0,0,0,117.0,1,2,2
529,0,2,23.0,2,1,2.5257286443082556,0,0,1,0,46.0,1,2,2
530,1,2,2.0,1,1,3.295836866004329,0,0,1,0,4.0,0,2,1
531,0,3,28.0,0,0,2.1076888046179385,1,0,0,0,84.0,1,0,2
532,0,3,17.0,1,1,2.1076888046179385,0,0,1,0,51.0,1,0,2
533,1,3,28.0,0,2,3.1509523813392697,0,0,1,0,84.0,0,0,3
534,0,3,30.0,0,0,2.2682524139135403,1,0,0,0,90.0,0,2,1
535,1,2,7.0,0,2,3.305053521109253,0,0,1,0,14.0,0,2,1
536,0,1,45.0,0,0,3.3160025355989236,1,0,0,0,45.0,1,2,4
537,1,1,30.0,0,0,4.676792929661059,1,0,0,0,30.0,0,0,1
538,0,3,28.0,0,0,2.740840023925201,1,0,0,0,84.0,1,2,2
539,1,1,22.0,0,2,3.9219733362813143,0,0,1,0,22.0,0,0,1
540,1,1,36.0,0,2,4.276666119016055,0,0,1,0,36.0,0,2,1
541,0,3,9.0,4,2,3.4742929367327062,0,0,0,1,27.0,0,2,1
542,0,3,11.0,4,2,3.4742929367327062,0,0,0,1,33.0,0,2,1
543,1,2,32.0,1,0,3.295836866004329,0,1,0,0,64.0,1,2,2
544,0,1,50.0,1,0,4.676792929661059,0,1,0,0,50.0,1,0,2
545,0,1,64.0,0,0,3.295836866004329,1,0,0,0,64.0,1,2,2
546,1,2,19.0,1,0,3.295836866004329,0,1,0,0,38.0,0,2,3
547,1,2,28.0,0,0,2.6988412620169004,1,0,0,0,56.0,1,0,2
548,0,3,33.0,1,1,3.0692150503137943,0,0,1,0,99.0,1,2,2
549,1,2,8.0,1,1,3.6309854756950335,0,0,1,0,16.0,1,2,0
550,1,1,17.0,0,2,4.717456363787216,0,0,1,0,17.0,1,0,2
551,0,2,27.0,0,0,3.295836866004329,1,0,0,0,54.0,1,2,2
552,0,3,28.0,0,0,2.17806441028492,1,0,0,0,84.0,1,1,2
553,1,3,22.0,0,0,2.1071782966514356,1,0,0,0,66.0,1,0,2
554,1,3,22.0,0,0,2.1719067693519296,1,0,0,0,66.0,0,2,1
555,0,1,62.0,0,0,3.3160025355989236,1,0,0,0,62.0,1,2,2
556,1,1,48.0,1,0,3.703768066607687,0,1,0,0,48.0,0,0,4
557,0,1,28.0,0,0,5.4316456135398825,1,0,0,0,28.0,1,0,2
558,1,1,39.0,1,1,4.390118804571218,0,0,1,0,39.0,0,2,3
559,1,3,36.0,1,0,2.91235066461494,0,1,0,0,108.0,0,2,3
560,0,3,28.0,0,0,2.169053700369523,1,0,0,0,84.0,1,1,2
561,0,3,40.0,0,0,2.1855792552411137,1,0,0,0,120.0,1,2,2
562,0,2,28.0,0,0,2.6741486494265287,1,0,0,0,56.0,1,2,2
563,0,3,28.0,0,0,2.2027647577118348,1,0,0,0,84.0,1,2,2
564,0,3,28.0,0,0,2.2027647577118348,1,0,0,0,84.0,0,2,1
565,0,3,24.0,2,0,3.224857896545748,0,0,1,0,72.0,1,2,2
566,0,3,19.0,0,0,2.1855792552411137,1,0,0,0,57.0,1,2,2
567,0,3,29.0,0,4,3.0944457464900235,0,0,0,1,87.0,0,2,3
568,0,3,28.0,0,0,2.1076888046179385,1,0,0,0,84.0,1,0,2
569,1,3,32.0,0,0,2.180891922715322,1,0,0,0,96.0,1,2,2
570,1,2,62.0,0,0,2.4423470353692043,1,0,0,0,124.0,1,2,2
571,1,1,53.0,2,0,3.960416900617205,0,0,1,0,53.0,0,2,3
572,1,1,36.0,0,0,3.3100867049215847,1,0,0,0,36.0,1,2,2
573,1,3,28.0,0,0,2.169053700369523,1,0,0,0,84.0,0,1,1
574,0,3,16.0,0,0,2.2027647577118348,1,0,0,0,48.0,1,2,2
575,0,3,19.0,0,0,2.740840023925201,1,0,0,0,57.0,1,2,2
576,1,2,34.0,0,0,2.6390573296152584,1,0,0,0,68.0,0,2,1
577,1,1,39.0,1,0,4.041295341132285,0,1,0,0,39.0,0,2,3
578,0,3,28.0,1,0,2.738146075922933,0,1,0,0,84.0,0,0,3
579,1,3,32.0,0,0,2.188856327665703,1,0,0,0,96.0,1,2,2
580,1,2,25.0,1,1,3.4339872044851463,0,0,1,0,50.0,0,2,1
581,1,1,39.0,1,1,4.717456363787216,0,0,1,0,39.0,0,0,3
582,0,2,54.0,0,0,3.295836866004329,1,0,0,0,108.0,1,2,2
583,0,1,36.0,0,0,3.716616209085536,1,0,0,0,36.0,1,0,2
584,0,3,28.0,0,0,2.2734137156937657,1,0,0,0,84.0,1,0,2
585,1,1,18.0,0,2,4.390118804571218,0,0,1,0,18.0,0,2,1
586,0,2,47.0,0,0,2.772588722239781,1,0,0,0,94.0,1,2,2
587,1,1,60.0,1,1,4.384523514872469,0,0,1,0,60.0,1,0,2
588,0,3,22.0,0,0,2.2027647577118348,1,0,0,0,66.0,1,2,2
589,0,3,28.0,0,0,2.2027647577118348,1,0,0,0,84.0,1,2,2
590,0,3,35.0,0,0,2.094945728215801,1,0,0,0,105.0,1,2,2
591,1,1,52.0,1,0,4.37281811610993,0,1,0,0,52.0,0,0,3
592,0,3,47.0,0,0,2.1102132003465894,1,0,0,0,141.0,1,2,2
593,0,3,28.0,0,2,2.169053700369523,0,0,1,0,84.0,0,1,1
594,0,2,37.0,1,0,3.295836866004329,0,1,0,0,74.0,1,2,2
595,0,3,36.0,1,1,3.224857896545748,0,0,1,0,108.0,1,2,2
596,1,2,28.0,0,0,3.5263605246161616,1,0,0,0,56.0,0,2,1
597,0,3,49.0,0,0,0.0,1,0,0,0,147.0,1,2,2
598,0,3,28.0,0,0,2.1071782966514356,1,0,0,0,84.0,1,0,2
599,1,1,49.0,1,0,4.0592215752427645,0,1,0,0,49.0,1,0,4
600,1,2,24.0,2,1,3.332204510175204,0,0,1,0,48.0,0,2,3
601,0,3,28.0,0,0,2.1855792552411137,1,0,0,0,84.0,1,2,2
602,0,1,28.0,0,0,3.770459441106359,1,0,0,0,28.0,1,2,2
603,0,3,44.0,0,0,2.2027647577118348,1,0,0,0,132.0,1,2,2
604,1,1,35.0,0,0,3.3160025355989236,1,0,0,0,35.0,1,0,2
605,0,3,36.0,1,0,2.806386101823072,0,1,0,0,108.0,1,2,2
606,0,3,30.0,0,0,2.1855792552411137,1,0,0,0,90.0,1,2,2
607,1,1,27.0,0,0,3.449987545831587,1,0,0,0,27.0,1,2,2
608,1,2,22.0,1,2,3.7513658711253766,0,0,1,0,44.0,0,0,3
609,1,1,40.0,0,0,5.039951348430309,1,0,0,0,40.0,0,2,1
610,0,3,39.0,1,5,3.4742929367327062,0,0,0,1,117.0,0,2,3
611,0,3,28.0,0,0,2.0856720914304723,1,0,0,0,84.0,1,2,2
612,1,3,28.0,1,0,2.803360380906535,0,1,0,0,84.0,0,1,1
613,0,3,28.0,0,0,2.169053700369523,1,0,0,0,84.0,1,1,2
614,0,3,35.0,0,0,2.2027647577118348,1,0,0,0,105.0,1,2,2
615,1,2,24.0,1,2,4.189654742026425,0,0,1,0,48.0,0,2,1
616,0,3,34.0,1,1,2.7343675094195836,0,0,1,0,102.0,1,2,2
617,0,3,26.0,1,0,2.8390784635086144,0,1,0,0,78.0,0,2,3
618,1,2,4.0,2,1,3.6888794541139363,0,0,1,0,8.0,0,2,1
619,0,2,26.0,0,0,2.4423470353692043,1,0,0,0,52.0,1,2,2
620,0,3,27.0,1,0,2.737880811060884,0,1,0,0,81.0,1,0,2
621,1,1,42.0,1,0,3.9806942251907276,0,1,0,0,42.0,1,2,2
622,1,3,20.0,1,1,2.817902613071225,0,0,1,0,60.0,1,0,2
623,0,3,21.0,0,0,2.180891922715322,1,0,0,0,63.0,1,2,2
624,0,3,21.0,0,0,2.8390784635086144,1,0,0,0,63.0,1,2,2
625,0,1,61.0,0,0,3.5061818266142577,1,0,0,0,61.0,1,2,2
626,0,2,57.0,0,0,2.5915163848462583,1,0,0,0,114.0,1,1,4
627,1,1,21.0,0,0,4.368919865004903,1,0,0,0,21.0,0,2,1
628,0,3,26.0,0,0,2.1855792552411137,1,0,0,0,78.0,1,2,2
629,0,3,28.0,0,0,2.167143305297764,1,0,0,0,84.0,1,1,2
630,1,1,80.0,0,0,3.4339872044851463,1,0,0,0,80.0,1,2,2
631,0,3,51.0,0,0,2.086193694502369,1,0,0,0,153.0,1,2,2
632,1,1,32.0,0,0,3.449987545831587,1,0,0,0,32.0,1,0,4
633,0,1,28.0,0,0,0.0,1,0,0,0,28.0,1,2,2
634,0,3,9.0,3,2,3.3638415951183864,0,0,0,1,27.0,0,2,1
635,1,2,28.0,0,0,2.6390573296152584,1,0,0,0,56.0,0,2,1
636,0,3,32.0,0,0,2.188856327665703,1,0,0,0,96.0,1,2,2
637,0,2,31.0,1,1,3.305053521109253,0,0,1,0,62.0,1,2,2
638,0,3,41.0,0,5,3.705920919968788,0,0,0,1,123.0,0,2,3
639,0,3,28.0,1,0,2.8390784635086144,0,1,0,0,84.0,1,2,2
640,0,3,20.0,0,0,2.180891922715322,1,0,0,0,60.0,1,2,2
641,1,1,24.0,0,0,4.252771798816619,1,0,0,0,24.0,0,0,1
642,0,3,2.0,3,2,3.3638415951183864,0,0,0,1,6.0,0,2,1
643,1,3,28.0,0,0,4.05171190165724,1,0,0,0,84.0,1,2,2
644,1,3,0.75,2,1,3.0085645861193133,0,0,1,0,2.25,0,0,1
645,1,1,48.0,1,0,4.353230991152628,0,1,0,0,48.0,1,0,2
646,0,3,19.0,0,0,2.1855792552411137,1,0,0,0,57.0,1,2,2
647,1,1,56.0,0,0,3.597312260588446,1,0,0,0,56.0,1,0,4
648,0,3,28.0,0,0,2.145931282948669,1,0,0,0,84.0,1,2,2
649,1,3,23.0,0,0,2.145931282948669,1,0,0,0,69.0,0,2,1
650,0,3,28.0,0,0,2.1855792552411137,1,0,0,0,84.0,1,2,2
651,1,2,18.0,0,1,3.1780538303479458,0,1,0,0,36.0,0,2,1
652,0,3,21.0,0,0,2.2442459824059346,1,0,0,0,63.0,1,2,2
653,1,3,28.0,0,0,2.17806441028492,1,0,0,0,84.0,0,1,1
654,0,3,18.0,0,0,2.0476928433652555,1,0,0,0,54.0,0,1,1
655,0,2,24.0,2,0,4.310799125385514,0,0,1,0,48.0,1,2,2
656,0,3,28.0,0,0,2.1855792552411137,1,0,0,0,84.0,1,2,2
657,0,3,32.0,1,1,2.803360380906535,0,0,1,0,96.0,0,1,3
658,0,2,23.0,0,0,2.6390573296152584,1,0,0,0,46.0,1,2,2
659,0,1,58.0,0,2,4.738607824217808,0,0,1,0,58.0,1,0,2
660,1,1,50.0,2,0,4.902678819257608,0,0,1,0,50.0,1,2,4
661,0,3,40.0,0,0,2.1071782966514356,1,0,0,0,120.0,1,0,2
662,0,1,47.0,0,0,3.2804411805263554,1,0,0,0,47.0,1,2,2
663,0,3,36.0,0,0,2.139571923732859,1,0,0,0,108.0,1,2,2
664,1,3,20.0,1,0,2.188856327665703,0,1,0,0,60.0,1,2,2
665,0,2,32.0,2,0,4.310799125385514,0,0,1,0,64.0,1,2,2
666,0,2,25.0,0,0,2.6390573296152584,1,0,0,0,50.0,1,2,2
667,0,3,28.0,0,0,2.1719067693519296,1,0,0,0,84.0,1,2,2
668,0,3,43.0,0,0,2.2027647577118348,1,0,0,0,129.0,1,2,2
669,1,1,28.0,1,0,3.970291913552122,0,1,0,0,28.0,0,2,3
670,1,2,40.0,1,1,3.6888794541139363,0,0,1,0,80.0,0,2,3
671,0,1,31.0,1,0,3.970291913552122,0,1,0,0,31.0,1,2,2
672,0,2,70.0,0,0,2.4423470353692043,1,0,0,0,140.0,1,2,2
673,1,2,31.0,0,0,2.6390573296152584,1,0,0,0,62.0,1,2,2
674,0,2,28.0,0,0,0.0,1,0,0,0,56.0,1,2,2
675,0,3,18.0,0,0,2.1719067693519296,1,0,0,0,54.0,1,2,2
676,0,3,24.5,0,0,2.2027647577118348,1,0,0,0,73.5,1,2,2
677,1,3,18.0,0,0,2.3833998102837652,1,0,0,0,54.0,0,2,1
678,0,3,43.0,1,6,3.8691155044168695,0,0,0,1,129.0,0,2,3
679,1,1,36.0,0,1,6.240917354759096,0,1,0,0,36.0,1,0,2
680,0,3,28.0,0,0,2.212386825075897,1,0,0,0,84.0,0,1,1
681,1,1,27.0,0,0,4.353230991152628,1,0,0,0,27.0,1,0,2
682,0,3,20.0,0,0,2.3248357019288655,1,0,0,0,60.0,1,2,2
683,0,3,14.0,5,2,3.8691155044168695,0,0,0,1,42.0,1,2,2
684,0,2,60.0,1,1,3.6888794541139363,0,0,1,0,120.0,1,2,2
685,0,2,25.0,1,2,3.7513658711253766,0,0,1,0,50.0,1,0,2
686,0,3,14.0,4,1,3.705920919968788,0,0,0,1,42.0,1,2,2
687,0,3,19.0,0,0,2.4133032309283076,1,0,0,0,57.0,1,2,2
688,0,3,18.0,0,0,2.174274334826008,1,0,0,0,54.0,1,2,2
689,1,1,15.0,0,1,5.35817698994543,0,1,0,0,15.0,0,2,1
690,1,1,31.0,1,0,4.060443010546419,0,1,0,0,31.0,1,2,2
691,1,3,4.0,0,1,2.668387256845834,0,1,0,0,12.0,0,0,1
692,1,3,28.0,0,0,4.05171190165724,1,0,0,0,84.0,1,2,2
693,0,3,25.0,0,0,2.1071782966514356,1,0,0,0,75.0,1,0,2
694,0,1,60.0,0,0,3.3160025355989236,1,0,0,0,60.0,1,2,4
695,0,2,52.0,0,0,2.6741486494265287,1,0,0,0,104.0,1,2,2
696,0,3,44.0,0,0,2.2027647577118348,1,0,0,0,132.0,1,2,2
697,1,3,28.0,0,0,2.167143305297764,1,0,0,0,84.0,0,1,1
698,0,1,49.0,1,1,4.717456363787216,0,0,1,0,49.0,1,0,2
699,0,3,42.0,0,0,2.157559320943788,1,0,0,0,126.0,1,2,2
700,1,1,18.0,1,0,5.4316456135398825,0,1,0,0,18.0,0,0,3
701,1,1,35.0,0,0,3.3064287218760624,1,0,0,0,35.0,1,2,2
702,0,3,18.0,0,1,2.737880811060884,0,1,0,0,54.0,0,0,1
703,0,3,25.0,0,0,2.1681046787623672,1,0,0,0,75.0,1,1,2
704,0,3,26.0,1,0,2.180891922715322,0,1,0,0,78.0,1,2,2
705,0,2,39.0,0,0,3.295836866004329,1,0,0,0,78.0,1,2,2
706,1,2,45.0,0,0,2.6741486494265287,1,0,0,0,90.0,0,2,3
707,1,1,42.0,0,0,3.3064287218760624,1,0,0,0,42.0,1,2,2
708,1,1,22.0,0,0,5.027492411162679,1,0,0,0,22.0,0,2,1
709,1,3,28.0,1,1,2.7878344138303452,0,0,1,0,84.0,1,0,0
710,1,1,24.0,0,0,3.922056501139853,1,0,0,0,24.0,0,0,1
711,0,1,28.0,0,0,3.3160025355989236,1,0,0,0,28.0,1,2,2
712,1,1,48.0,1,0,3.970291913552122,0,1,0,0,48.0,1,2,2
713,0,3,29.0,0,0,2.3497835148230464,1,0,0,0,87.0,1,2,2
714,0,2,52.0,0,0,2.6390573296152584,1,0,0,0,104.0,1,2,2
715,0,3,19.0,0,0,2.157559320943788,1,0,0,0,57.0,1,2,2
716,1,1,38.0,0,0,5.4316456135398825,1,0,0,0,38.0,0,0,1
717,1,2,27.0,0,0,2.4423470353692043,1,0,0,0,54.0,0,2,1
718,0,3,28.0,0,0,2.803360380906535,1,0,0,0,84.0,1,1,2
719,0,3,33.0,0,0,2.1719067693519296,1,0,0,0,99.0,1,2,2
720,1,2,6.0,0,1,3.5263605246161616,0,1,0,0,12.0,0,2,1
721,0,3,17.0,1,0,2.086193694502369,0,1,0,0,51.0,1,2,2
722,0,2,34.0,0,0,2.6390573296152584,1,0,0,0,68.0,1,2,2
723,0,2,50.0,0,0,2.6390573296152584,1,0,0,0,100.0,1,2,2
724,1,1,27.0,1,0,3.9908341858524357,0,1,0,0,27.0,1,2,2
725,0,3,20.0,0,0,2.2682524139135403,1,0,0,0,60.0,1,2,2
726,1,2,30.0,3,0,3.091042453358316,0,0,1,0,60.0,0,2,3
727,1,3,28.0,0,0,2.1676241075599285,1,0,0,0,84.0,0,1,1
728,0,2,25.0,1,0,3.295836866004329,0,1,0,0,50.0,1,2,2
729,0,3,25.0,1,0,2.188856327665703,0,1,0,0,75.0,0,2,1
730,1,1,29.0,0,0,5.35817698994543,1,0,0,0,29.0,0,2,1
731,0,3,11.0,0,0,2.9850504252071306,1,0,0,0,33.0,1,0,2
732,0,2,28.0,0,0,0.0,1,0,0,0,56.0,1,2,2
733,0,2,23.0,0,0,2.6390573296152584,1,0,0,0,46.0,1,2,2
734,0,2,23.0,0,0,2.6390573296152584,1,0,0,0,46.0,1,2,2
735,0,3,28.5,0,0,2.8390784635086144,1,0,0,0,85.5,1,2,2
736,0,3,48.0,1,3,3.5660053559634015,0,0,0,1,144.0,0,2,3
737,1,1,35.0,0,0,6.240917354759096,1,0,0,0,35.0,1,0,2
738,0,3,28.0,0,0,2.1855792552411137,1,0,0,0,84.0,1,2,2
739,0,3,28.0,0,0,2.1855792552411137,1,0,0,0,84.0,1,2,2
740,1,1,28.0,0,0,3.4339872044851463,1,0,0,0,28.0,1,2,2
741,0,1,36.0,1,0,4.380149874661021,0,1,0,0,36.0,1,2,2
742,1,1,21.0,2,2,5.5735788721243535,0,0,0,1,21.0,0,0,1
743,0,3,24.0,1,0,2.8390784635086144,0,1,0,0,72.0,1,2,2
744,1,3,31.0,0,0,2.188856327665703,1,0,0,0,93.0,1,2,2
745,0,1,70.0,1,1,4.276666119016055,0,0,1,0,70.0,1,2,4
746,0,3,16.0,1,1,3.056356895370426,0,0,1,0,48.0,1,2,2
747,1,2,30.0,0,0,2.6390573296152584,1,0,0,0,60.0,0,2,1
748,0,1,19.0,1,0,3.9908341858524357,0,1,0,0,19.0,1,2,2
749,0,3,31.0,0,0,2.169053700369523,1,0,0,0,93.0,1,1,2
750,1,2,4.0,1,1,3.1780538303479458,0,0,1,0,8.0,0,2,1
751,1,3,6.0,0,1,2.600836116795061,0,1,0,0,18.0,1,2,0
752,0,3,33.0,0,0,2.3513752571634776,1,0,0,0,99.0,1,2,2
753,0,3,23.0,0,0,2.1855792552411137,1,0,0,0,69.0,1,2,2
754,1,2,48.0,1,2,4.189654742026425,0,0,1,0,96.0,0,2,3
755,1,2,0.67,1,1,2.740840023925201,0,0,1,0,1.34,1,2,0
756,0,3,28.0,0,0,2.174274334826008,1,0,0,0,84.0,1,2,2
757,0,2,18.0,0,0,2.5257286443082556,1,0,0,0,36.0,1,2,2
758,0,3,34.0,0,0,2.2027647577118348,1,0,0,0,102.0,1,2,2
759,1,1,33.0,0,0,4.471638793363569,1,0,0,0,33.0,0,2,4
760,0,3,28.0,0,0,2.740840023925201,1,0,0,0,84.0,1,2,2
761,0,3,41.0,0,0,2.094945728215801,1,0,0,0,123.0,1,2,2
762,1,3,20.0,0,0,2.1076888046179385,1,0,0,0,60.0,1,0,2
763,1,1,36.0,1,2,4.795790545596741,0,0,1,0,36.0,0,2,3
764,0,3,16.0,0,0,2.1719067693519296,1,0,0,0,48.0,1,2,2
765,1,1,51.0,1,0,4.368919865004903,0,1,0,0,51.0,0,2,3
766,0,1,28.0,0,0,3.703768066607687,1,0,0,0,28.0,1,0,4
767,0,3,30.5,0,0,2.169053700369523,1,0,0,0,91.5,0,1,1
768,0,3,28.0,1,0,3.224857896545748,0,1,0,0,84.0,1,1,2
769,0,3,32.0,0,0,2.236712348843338,1,0,0,0,96.0,1,2,2
770,0,3,24.0,0,0,2.3513752571634776,1,0,0,0,72.0,1,2,2
771,0,3,48.0,0,0,2.180891922715322,1,0,0,0,144.0,1,2,2
772,0,2,57.0,0,0,2.4423470353692043,1,0,0,0,114.0,0,2,3
773,0,3,28.0,0,0,2.1071782966514356,1,0,0,0,84.0,1,0,2
774,1,2,54.0,1,3,3.1780538303479458,0,0,0,1,108.0,0,2,3
775,0,3,18.0,0,0,2.169053700369523,1,0,0,0,54.0,1,2,2
776,0,3,28.0,0,0,2.169053700369523,1,0,0,0,84.0,1,1,2
777,1,3,5.0,0,0,2.600836116795061,1,0,0,0,15.0,0,2,1
778,0,3,28.0,0,0,2.1676241075599285,1,0,0,0,84.0,1,1,2
779,1,1,43.0,0,1,5.35817698994543,0,1,0,0,43.0,0,2,3
780,1,3,13.0,0,0,2.1076888046179385,1,0,0,0,39.0,0,0,1
781,1,1,17.0,1,0,4.060443010546419,0,1,0,0,17.0,0,2,3
782,0,1,29.0,0,0,3.4339872044851463,1,0,0,0,29.0,1,2,2
783,0,3,28.0,1,2,3.196630215920881,0,0,1,0,84.0,1,2,2
784,0,3,25.0,0,0,2.0856720914304723,1,0,0,0,75.0,1,2,2
785,0,3,25.0,0,0,2.1102132003465894,1,0,0,0,75.0,1,2,2
786,1,3,18.0,0,0,2.139571923732859,1,0,0,0,54.0,0,2,1
787,0,3,8.0,4,1,3.405355391810819,0,0,0,1,24.0,1,1,0
788,1,3,1.0,1,2,3.0715352369694915,0,0,1,0,3.0,1,2,0
789,0,1,46.0,0,0,4.384523514872469,1,0,0,0,46.0,1,0,2
790,0,3,28.0,0,0,2.169053700369523,1,0,0,0,84.0,1,1,2
791,0,2,16.0,0,0,3.295836866004329,1,0,0,0,32.0,1,2,2
792,0,3,28.0,8,2,4.256321678298823,0,0,0,1,84.0,0,2,1
793,0,1,28.0,0,0,3.4561841799918147,1,0,0,0,28.0,1,0,2
794,0,3,25.0,0,0,2.1855792552411137,1,0,0,0,75.0,1,2,2
795,0,2,39.0,0,0,2.6390573296152584,1,0,0,0,78.0,1,2,2
796,1,1,49.0,0,0,3.2932111997353943,1,0,0,0,49.0,0,2,4
797,1,3,31.0,0,0,2.270402752283094,1,0,0,0,93.0,0,2,3
798,0,3,30.0,0,0,2.1076888046179385,1,0,0,0,90.0,1,0,2
799,0,3,30.0,1,1,3.224857896545748,0,0,1,0,90.0,0,2,3
800,0,2,34.0,0,0,2.6390573296152584,1,0,0,0,68.0,1,2,2
801,1,2,31.0,1,1,3.305053521109253,0,0,1,0,62.0,0,2,3
802,1,1,11.0,1,2,4.795790545596741,0,0,1,0,11.0,1,2,0
803,1,3,0.42,0,1,2.2530481500547457,0,1,0,0,1.26,1,0,0
804,1,3,27.0,0,0,2.076311648670908,1,0,0,0,81.0,1,2,2
805,0,3,31.0,0,0,2.1719067693519296,1,0,0,0,93.0,1,2,2
806,0,1,39.0,0,0,0.0,1,0,0,0,39.0,1,2,2
807,0,3,18.0,0,0,2.1719067693519296,1,0,0,0,54.0,0,2,1
808,0,2,39.0,0,0,2.6390573296152584,1,0,0,0,78.0,1,2,2
809,1,1,33.0,1,0,3.9908341858524357,0,1,0,0,33.0,0,2,3
810,0,3,26.0,0,0,2.184645795129359,1,0,0,0,78.0,1,2,2
811,0,3,39.0,0,0,3.224857896545748,1,0,0,0,117.0,1,2,2
812,0,2,35.0,0,0,2.4423470353692043,1,0,0,0,70.0,1,2,2
813,0,3,6.0,4,2,3.4742929367327062,0,0,0,1,18.0,0,2,1
814,0,3,30.5,0,0,2.2027647577118348,1,0,0,0,91.5,1,2,2
815,0,1,28.0,0,0,0.0,1,0,0,0,28.0,1,2,2
816,0,3,23.0,0,0,2.188856327665703,1,0,0,0,69.0,0,2,1
817,0,2,31.0,1,1,3.637696679934592,0,0,1,0,62.0,1,0,2
818,0,3,43.0,0,0,2.0082140323914683,1,0,0,0,129.0,1,2,2
819,0,3,10.0,3,2,3.3638415951183864,0,0,0,1,30.0,1,2,0
820,1,1,52.0,1,1,4.548599834499697,0,0,1,0,52.0,0,2,3
821,1,3,27.0,0,0,2.2682524139135403,1,0,0,0,81.0,1,2,2
822,0,1,38.0,0,0,0.0,1,0,0,0,38.0,1,2,4
823,1,3,27.0,0,1,2.600836116795061,0,1,0,0,81.0,0,2,3
824,0,3,2.0,4,1,3.705920919968788,0,0,0,1,6.0,1,2,0
825,0,3,28.0,0,0,2.0731719286662407,1,0,0,0,84.0,1,1,2
826,0,3,28.0,0,0,4.05171190165724,1,0,0,0,84.0,1,2,2
827,1,2,1.0,0,2,3.637696679934592,0,0,1,0,2.0,1,0,0
828,1,3,28.0,0,0,2.169053700369523,1,0,0,0,84.0,1,1,2
829,1,1,62.0,0,0,4.394449154672439,1,0,0,0,62.0,0,2,3
830,1,3,15.0,1,0,2.737880811060884,0,1,0,0,45.0,0,0,3
831,1,2,0.83,1,1,2.9831534913471307,0,0,1,0,1.66,1,2,0
832,0,3,28.0,0,0,2.1076888046179385,1,0,0,0,84.0,1,0,2
833,0,3,23.0,0,0,2.180891922715322,1,0,0,0,69.0,1,2,2
834,0,3,18.0,0,0,2.2300144001592104,1,0,0,0,54.0,1,2,2
835,1,1,39.0,1,1,4.432699549165613,0,0,1,0,39.0,0,0,1
836,0,3,21.0,0,0,2.2682524139135403,1,0,0,0,63.0,1,2,2
837,0,3,28.0,0,0,2.2027647577118348,1,0,0,0,84.0,1,2,2
838,1,3,32.0,0,0,4.05171190165724,1,0,0,0,96.0,1,2,2
839,1,1,28.0,0,0,3.4242626545931514,1,0,0,0,28.0,1,0,2
840,0,3,20.0,0,0,2.188856327665703,1,0,0,0,60.0,1,2,2
841,0,2,16.0,0,0,2.4423470353692043,1,0,0,0,32.0,1,2,2
842,1,1,30.0,0,0,3.4657359027997265,1,0,0,0,30.0,0,0,1
843,0,3,34.5,0,0,2.006534770871748,1,0,0,0,103.5,1,0,2
844,0,3,17.0,0,0,2.2682524139135403,1,0,0,0,51.0,1,2,2
845,0,3,42.0,0,0,2.145931282948669,1,0,0,0,126.0,1,2,2
846,0,3,28.0,8,2,4.256321678298823,0,0,0,1,84.0,1,2,2
847,0,3,35.0,0,0,2.1855792552411137,1,0,0,0,105.0,1,0,2
848,0,2,28.0,0,1,3.5263605246161616,0,1,0,0,56.0,1,2,4
849,1,1,28.0,1,0,4.500966778400217,0,1,0,0,28.0,0,0,3
850,0,3,4.0,4,2,3.4742929367327062,0,0,0,1,12.0,1,2,0
851,0,3,74.0,0,0,2.1719067693519296,1,0,0,0,222.0,1,2,2
852,0,3,9.0,1,1,2.7878344138303452,0,0,1,0,27.0,0,0,1
853,1,1,16.0,0,1,3.6988297849671046,0,1,0,0,16.0,0,2,1
854,0,2,44.0,1,0,3.295836866004329,0,1,0,0,88.0,0,2,3
855,1,3,18.0,0,1,2.336986519711378,0,1,0,0,54.0,0,2,3
856,1,1,45.0,1,1,5.11118445372147,0,0,1,0,45.0,0,2,3
857,1,1,51.0,0,0,3.3160025355989236,1,0,0,0,51.0,1,2,2
858,1,3,24.0,0,3,3.0085645861193133,0,0,1,0,72.0,0,0,3
859,0,3,28.0,0,0,2.1076888046179385,1,0,0,0,84.0,1,0,2
860,0,3,41.0,2,0,2.7152442616824506,0,0,1,0,123.0,1,2,2
861,0,2,21.0,1,0,2.5257286443082556,0,1,0,0,42.0,1,2,2
862,1,1,48.0,0,0,3.2932111997353943,1,0,0,0,48.0,0,2,3
863,0,3,28.0,8,2,4.256321678298823,0,0,0,1,84.0,0,2,1
864,0,2,24.0,0,0,2.6390573296152584,1,0,0,0,48.0,1,2,2
865,1,2,42.0,0,0,2.6390573296152584,1,0,0,0,84.0,0,2,3
866,1,2,27.0,1,0,2.698558631668595,0,1,0,0,54.0,0,0,1
867,0,1,31.0,0,0,3.941500250945973,1,0,0,0,31.0,1,2,2
868,0,3,28.0,0,0,2.3513752571634776,1,0,0,0,84.0,1,2,2
869,1,3,4.0,1,1,2.495953738718064,0,0,1,0,12.0,1,2,0
870,0,3,26.0,0,0,2.1855792552411137,1,0,0,0,78.0,1,2,2
871,1,1,47.0,1,1,3.9806942251907276,0,0,1,0,47.0,0,2,3
872,0,1,33.0,0,0,1.791759469228055,1,0,0,0,33.0,1,2,2
873,0,3,47.0,0,0,2.302585092994046,1,0,0,0,141.0,1,2,2
874,1,2,28.0,1,0,3.2188758248682006,0,1,0,0,56.0,0,0,3
875,1,3,15.0,0,0,2.1071782966514356,1,0,0,0,45.0,0,0,1
876,0,3,20.0,0,0,2.3837779082709782,1,0,0,0,60.0,1,2,2
877,0,3,19.0,0,0,2.1855792552411137,1,0,0,0,57.0,1,2,2
878,0,3,28.0,0,0,2.1855792552411137,1,0,0,0,84.0,1,2,2
879,1,1,56.0,0,1,4.432699549165613,0,1,0,0,56.0,0,0,3
880,1,2,25.0,0,1,3.295836866004329,0,1,0,0,50.0,0,2,3
881,0,3,33.0,0,0,2.1855792552411137,1,0,0,0,99.0,1,2,2
882,0,3,22.0,0,0,2.4437981558973862,1,0,0,0,66.0,0,2,1
883,0,2,28.0,0,0,2.4423470353692043,1,0,0,0,56.0,1,2,2
884,0,3,25.0,0,0,2.0856720914304723,1,0,0,0,75.0,1,2,2
885,0,3,39.0,0,5,3.405355391810819,0,0,0,1,117.0,0,1,3
886,0,2,27.0,0,0,2.6390573296152584,1,0,0,0,54.0,1,2,4
887,1,1,19.0,0,0,3.4339872044851463,1,0,0,0,19.0,0,2,1
888,0,3,28.0,1,2,3.196630215920881,0,0,1,0,84.0,0,2,1
889,1,1,26.0,0,0,3.4339872044851463,1,0,0,0,26.0,1,0,2
890,0,3,32.0,0,0,2.169053700369523,1,0,0,0,96.0,1,1,2
